auteur,dans_HAL,dans_OpenAlex
A. Albert,True,True
A. Capone,True,True
A. Coleiro,True,True
A. Creusot,True,True
A. Diaz,True,True
A. Domi,True,True
A. Enzenhöfer,True,True
A. Kappes,True,True
A. Kouchner,True,True
A. Margiotta,True,True
A. Marinelli,True,True
A. Moussa,True,True
A.F. Díaz,True,True
A.J. Heijboer,True,True
Abdelhamid Rabhi,True,True
Abdelilah Hakim,True,True
Abdellah Fourtassi,True,True
Abdellatif Moudafi,True,True
Adeline Paiement,True,True
Adrian Francalanza,True,True
Adrian Łańcucki,True,True
Adrian-Gabriel Chifu,True,True
Afef Cherni,True,True
Alain Pochat,True,True
Alba Martinez Anton,True,True
Aldo Gonzalez-Lorenzo,True,True
Alessia Milani,True,True
Alexandra Bac,True,True
Alexandre Rapetti,True,True
Alexis Jeandet,True,True
Alexis Joly,True,True
Alexis Nasr,True,True
Alice Delbosc,True,True
Amine Bohi,True,True
Amélia Durbec,True,True
Andrei Bursuc,True,True
Antoine Laurent,True,True
Antonella del Pozzo,True,True
Antonio Casares,True,True
Antonis Achilleos,True,True
Arnaud Durand,True,True
Arnaud Gaillard,True,True
Arnaud Labourel,True,True
Arthur Cartel Foahom Gouabou,True,True
Arun Kumar Das,True,True
Audrey Minghelli,True,True
Augustin C. Ogier,True,True
Auriane Boudin,True,True
Aurélien Arnaubec,True,True
Axel Haddad,True,True
Azam Fazel Najafabadi,True,True
Aziz Naamane,True,True
B. Baret,True,True
B. Belhorma,True,True
B. Caiffi,True,True
B. Jisse-Jung,True,True
B. Martino,True,True
Badreddine Farah,True,True
Basile Couëtoux,True,True
Bastien Mérigot,True,True
Bastien Rivier,True,True
Belaid Benhamou,True,True
Benjamin Deneu,True,True
Benjamin Monmege,True,True
Benoît Favre,True,True
Bernard Espinasse,True,True
Bertrand Estellon,True,True
Bin Liang,True,True
Bruno Pradines,True,True
Bénédicte Madon,True,True
C. Distefano,True,True
C. Donzaud,True,True
C. Guidi,True,True
C. Pellegrino,True,True
Catherine Cadet,True,True
Chloé Clavel,True,True
Christiane Weber,True,True
Christophe Benzitoun,True,True
Christophe Bérenguer,True,True
Christophe Delacourt,True,True
Christophe Lett,True,True
Christopher Cieri,True,True
Chu Wang,True,True
Chu-Min Li,True,True
Claire Dune,True,True
Clara Bertolissi,True,True
Clément Rambaud,True,True
Clémentin Boittiaux,True,True
Cornel Ioana,True,True
Cristèle Chevalier,True,True
Cécile Capponi,True,True
Cédric de Lacroix,True,True
D. Calvo,True,True
D. Dornic,True,True
D. Drouhin,True,True
D. Lefèvre,True,True
D. Lopez-Coto,True,True
D. van Eijk,True,True
Damien Imbs,True,True
Damien Regnault,True,True
Daniel Hissel,True,True
David Bendahan,True,True
David Brie,True,True
David Filliat,True,True
David Sheeren,True,True
Denis Apothéloz,True,True
Diana Nurbakova,True,True
Dimitri Lefebvre,True,True
Djamal Habet,True,True
Djamal Merad,True,True
Dominique Willems,True,True
Dongdong Zhao,True,True
E. Leonora,True,True
Edouard Thiel,True,True
Ehsan Heydarian-Forushani,True,True
Eleonore Meheust,True,True
Elie Antoine,True,True
Elijah Cole,True,True
Eliot Maës,True,True
Elisabeth Murisasco,True,True
Elisabeth Sola,True,True
Elise Mathurin,True,True
Emanuel Aldea,True,True
Emmanuel Bruno,True,True
Emmanuelle Salin,True,True
Emmanuelle Vaudour,True,True
Engel Lefaucheux,True,True
Eric Busvelle,True,True
Eric Menut,True,True
Eric Moreau,True,True
Eric Sanjuan²,True,True
Etienne Thoret,True,True
Eunice Akani,True,True
Evelyne Lombardo,True,True
F. Benfenati,True,True
F. Bruce Shepherd,True,True
F. Filippini,True,True
F. Huang,True,True
Fabienne Delfour,True,True
Fabrice Debbasch,True,True
Farah Cherfaoui,True,True
Farid Dinar,True,True
Fatima Benbouzid Si Tayeb,True,True
Felip Manyà,True,True
Felix Richards,True,True
Florian Beguet,True,True
Florian Saby,True,True
Francesca Chittaro,True,True
Francesco Gavazzo,True,True
Franck Dary,True,True
Franck Jaotombo,True,True
Franck Malige,True,True
François Brucker,True,True
François Steinmetz,True,True
François-Xavier Dupé,True,True
Frédéric Bechet,True,True
Frédéric Bouchara,True,True
Frédéric Havet,True,True
G. Anton,True,True
G. Ferrara,True,True
G. Illuminati,True,True
G. Levi,True,True
G. de Wasseige,True,True
Gadi Taubenfeld,True,True
Gaël Guibon,True,True
Gianni Franchi,True,True
Gilles Barthe,True,True
Gilles Corminboeuf,True,True
Gilles Geeraerts,True,True
Gilles Pesant,True,True
Gisela Giardino,True,True
Giuseppe Di Molfetta,True,True
Goutam Majumder,True,True
Grzegorz Ciesielski,True,True
Guilherme D. da Fonseca,True,True
Guillaume Auzias,True,True
Guyslain Naves,True,True
Géraldine Damnati,True,True
H. Brânzaş,True,True
H. Glotin,True,True
H. van Haren,True,True
Habib Nasser,True,True
Hachem Kadri,True,True
Hafiz Ahmed,True,True
Hang Jiang,True,True
Hanqing Wang,True,True
Hasan Komurcugil,True,True
Haytame Fallah,True,True
Henning Müller,True,True
Henri-José Deulofeu,True,True
Henry Xia,True,True
Heribert Vollmer,True,True
Hervé Glotin,True,True
Hervé Goëau,True,True
Hervé Tissot-Dupont,True,True
Hitoshi Isahara,True,True
Holger Klinck,True,True
Hung Phuoc Truong,True,True
Hélène Mazo,True,True
Hélène Peltier,True,True
I. Di Palma,True,True
I. Kreykenbohm,True,True
Ignacio García-Marco,True,True
Imen Khettabi,True,True
Ioana Ivan,True,True
Irina Ovchinnikova,True,True
Isabel Demongodin,True,True
Isabelle Bolon,True,True
Isabelle Régner,True,True
Ismail Badache,True,True
Ismaël Jecker,True,True
Ivan Eggel,True,True
J. Aublin,True,True
J. Boumaaza,True,True
J. Brunner,True,True
J. Busto,True,True
J. Carr,True,True
J. Hofestädt,True,True
J. Hößl,True,True
J. Manczak,True,True
J. Wilms,True,True
J.-J. Aubert,True,True
J.A. Martínez-Mora,True,True
Jaap Kamps,True,True
Jacques Demongeot,True,True
Jacques Descloitres,True,True
Jan Chorowski,True,True
Jan Odijk,True,True
Jasmine Xuereb,True,True
Jean Luc Damoiseaux,True,True
Jean-Baptiste Feret,True,True
Jean-Charles Cuillandre,True,True
Jean-Luc Mari,True,True
Jean-Marie Pergandi,True,True
Jean-Philippe Pernot,True,True
Jennifer Muscato,True,True
Jeremy Auguste,True,True
Jesús Giráldez-Cru,True,True
Jian Zuo,True,True
Jilliana Monnier,True,True
Joachim Schöpfel,True,True
Jonathan Grainger,True,True
Jordi Coll,True,True
Josep Suy,True,True
Julie Klehammer,True,True
Julie Patris,True,True
Julien Diperi,True,True
Julien Flamant,True,True
Julien Serres,True,True
Julien Zylberman,True,True
Justine Girardet,True,True
Jérémie Bousquet,True,True
Jérémie Chalopin,True,True
Jérôme Spitz,True,True
K. Graf,True,True
K. Melis,True,True
Kamel Soudani,True,True
Karim Makki,True,True
Karima El Qate,True,True
Karine Adeline,True,True
Karoliina Lehtinen,True,True
Karolina Okrasa,True,True
Kevissen Sellapillay,True,True
Khaled Frifita,True,True
Khalid Choukri,True,True
Kolja Knauer,True,True
Konstantin Usevich,True,True
Krystel Pochat,True,True
Kun He,True,True
Kunihiko Hiraishi,True,True
Kévin Perrot,True,True
Kübra Bodur,True,True
L. Caramete,True,True
L. Fusco,True,True
L. Jorda,True,True
L. Maderer,True,True
L. Nauta,True,True
Laurent Astart,True,True
Laurent Besacier,True,True
Laurent Prevot,True,True
Laurent Verrier,True,True
Laurine Bénéteau,True,True
Leonardo Brenner,True,True
Leonor Becerra,True,True
Liana Ermakova,True,True
Liang Guo,True,True
Line Jakubiec-Jamet,True,True
Lionel Almeras,True,True
Liva Ralaivola,True,True
Loic Darrieumerlou,True,True
Loïc Crombez,True,True
Loïc Lehnhoff,True,True
Loïc Paulevé,True,True
Luc Libralesso,True,True
Luce Lefeuvre,True,True
Ludovic de Rochefort,True,True
Luigi Santocanale,True,True
Lukáš Picek,True,True
Lyes Benyoucef,True,True
Léa Schamberger,True,True
Léo Berline,True,True
Léo Exibard,True,True
M. André,True,True
M. Anghinolfi,True,True
M. Ardid,True,True
M. Bendahman,True,True
M. Bissinger,True,True
M. Bouta,True,True
M. Chabab,True,True
M. Circella,True,True
M. Kadler,True,True
M. Lincetto,True,True
M. Marcelin,True,True
M. de Jong,True,True
M.C. Bouwhuis,True,True
Maciej Grabias,True,True
Magalie Ochs,True,True
Maha Mallek,True,True
Mahdi Abbasi,True,True
Majdi Saidi,True,True
Malek Senoussi,True,True
Malik Chami,True,True
Manfeng Dou,True,True
Manfred K. Warmuth,True,True
Manon Philibert,True,True
Manu Jain,True,True
Marc Brachet,True,True
Marc Garcia,True,True
Marc-Emmanuel Bellemare,True,True
Marek Hrúz,True,True
Marie-José Béguelin,True,True
Marion Poupard,True,True
Marjorie Armando,True,True
Martin Zimmermann,True,True
Martin-Pierre Schmidt,True,True
Mateu Villaret,True,True
Mathilde Noual,True,True
Matthieu Labeau,True,True
Matthieu Million,True,True
Maxence Ferrari,True,True
Maxime Hauray,True,True
Maxime Petit,True,True
Maximilien Servajean,True,True
Meriem Touat,True,True
Michal Bílek,True,True
Michał Pilipczuk,True,True
Michel Raynal,True,True
Milan Šulc,True,True
Miquel Bofill,True,True
Mitja Nikolaus,True,True
Mohamed Amine Boutiche,True,True
Mohamed Benbouzid,True,True
Mohamed Boussak,True,True
Mohamed Djemai,True,True
Mohamed Sami Cherif,True,True
Mohamed Trabelsi,True,True
Mohamed Zerrougui,True,True
Mohammed El Rhabi,True,True
Monique Melo Costa,True,True
N. El Khayati,True,True
N. K. M'Sirdi,True,True
N. Randazzo,True,True
N.R. Khan-Chowdhury,True,True
Nadia Creignou,True,True
Nadège Thirion-Moreau,True,True
Nathalie Camelin,True,True
Nathan Chometton,True,True
Nathan Guyot,True,True
Nathan Lhote,True,True
Nathanaël Eon,True,True
Nicola Olivetti,True,True
Nicola Zannone,True,True
Nicolas Baudru,True,True
Nicolas Benoit,True,True
Nicolas Hervé,True,True
Nicolas Poinsu,True,True
Nicolas Prcovic,True,True
Nicolas Thellier,True,True
Nicolas Thouvenel,True,True
Nicoletta Calzolari,True,True
Núria Gala,True,True
O. Kalekin,True,True
Odile Papini,True,True
Oihab Allal-Chérif,True,True
Olivier Adam,True,True
Olivier Van Canneyt,True,True
Omar Boucelma,True,True
Oscar Defrain,True,True
Otmane Azeroual,True,True
P. Coyle,True,True
P. Fermani,True,True
P. Gay,True,True
P. Migliozzi,True,True
P. Piattelli,True,True
P. de Jong,True,True
Partha Pakray,True,True
Pascal Lafourcade,True,True
Pascal Préa,True,True
Pascale Giraudet,True,True
Patrice Bellot,True,True
Patrick Totzke,True,True
Paul Best,True,True
Paul Villoutreix,True,True
Paweł Rychlikowski,True,True
Petru Valicov,True,True
Philip Deegan,True,True
Philippe Blache,True,True
Pierre Aboulker,True,True
Pierre Bonnet,True,True
Pierre Garreau,True,True
Pierre-Alain Duc,True,True
Pierre-Alain Reynier,True,True
Quiterie Sourget,True,True
R. Bruijn,True,True
R. Caruso,True,True
R. Cherkaoui El Moursli,True,True
R. Coniglione,True,True
R. Gozzini,True,True
R. Gracia Ruiz,True,True
R. Lahmann,True,True
R. Le Breton,True,True
R. Muller,True,True
Rabah Ammour,True,True
Rabah Iguernaissi,True,True
Rachid Outbib,True,True
Radia Hannachi,True,True
Rahul Arya,True,True
Raida Ktari,True,True
Ramzi Guetari,True,True
Randall Balestriero,True,True
Raphael Sturgis,True,True
Raphaëlle Crubillé,True,True
Renaud Fabre,True,True
René Heuzey,True,True
Ricard Marxer,True,True
Riikka Huusari,True,True
Rita Hijazi,True,True
Robert Planqué,True,True
Robin Roche,True,True
Rodrigo Hucke‐gaete,True,True
Rohit Yadav,True,True
Roland Redon,True,True
Romain Chayla,True,True
Romain Testud,True,True
Roxane Bertrand,True,True
S. Alves,True,True
S. Ardid,True,True
S. Basa,True,True
S. Biagi,True,True
S. Celli,True,True
S. Hallmann,True,True
S. Lestum,True,True
S. Loucatos,True,True
S. Molina,True,True
S. Takerkart,True,True
S.J. Tingay,True,True
Said Amari,True,True
Salomon Sickert,True,True
Samet Biricik,True,True
Samuel Granjeaud,True,True
Sana Sellami,True,True
Sandip Das,True,True
Sandra Luque,True,True
Santiago Cuervo,True,True
Sara Goggi,True,True
Sarah Bali,True,True
Sebastian Marzetti,True,True
Sebastian Miron,True,True
Seifeddine Ben Elghali,True,True
Serge Bernard,True,True
Shay Moran,True,True
Shibashis Guha,True,True
Sijie Hu,True,True
Sivaji Bandyopadhyay,True,True
Sophie Fabre,True,True
Sophie Viseur,True,True
Soufyane Benzaouia,True,True
Sougata Bose,True,True
Stefan Kahl,True,True
Stelios Piperidis,True,True
Stephane Dufau,True,True
Stephane Jacquemoud,True,True
Stephen Gwyn,True,True
Steve Kremer,True,True
Stéphane Ayache,True,True
Stéphane Grandcolas,True,True
Stéphane Huet,True,True
Stéphane Mounier,True,True
Stéphane Viollet,True,True
Sunil Arya,True,True
Susannah J Buchan,True,True
Sven Schewe,True,True
Swetali Nimje,True,True
Sylvain Bouley,True,True
Sylvain Meignier,True,True
Sylvain Sené,True,True
Sylvain Soliman,True,True
Sébastien Fournier,True,True
Sébastien Migeon,True,True
Sébastien Paris,True,True
Sébastien Ratel,True,True
Séverine Dubuisson,True,True
Sílvia Araújo,True,True
T. Chiarusi,True,True
T. Eberl,True,True
T. van Eeden,True,True
Tarek Melliti,True,True
Thanh Phuong Nguyen,True,True
Thanh Tuan Nguyen,True,True
Thanh-Hai Tran,True,True
Thibault Payet,True,True
Thierry Artières,True,True
Thierry Chaminade,True,True
Thierry Declerck,True,True
Thomas A Henzinger,True,True
Thomas Brihaye,True,True
Thomas Colcombet,True,True
Thomas Rimaud,True,True
Thomas Schatz,True,True
Titouan Lorieul,True,True
Tom Denton,True,True
Touria Bajjouk,True,True
Trevor A Branch,True,True
U. Katz,True,True
Udi Boker,True,True
Ugo Dal Lago,True,True
V. Bertin,True,True
V. Carretero,True,True
V. Kulikovskiy,True,True
Valentin Barchasz,True,True
Valentin Emiya,True,True
Valentin Gies,True,True
Valentin Pelloin,True,True
Van-Giang Trinh,True,True
Victor Chepoi,True,True
Victor Lutfalla,True,True
Vikrant Rajput,True,True
Vincent Cheval,True,True
Vincent Hugel,True,True
Vivek Kulkarni,True,True
Véronique Sarano,True,True
Wafa Nafkha-Tayari,True,True
Wassim Ahmed-Belkacem,True,True
Wided Lejouad Chaari,True,True
Willem-Pier Vellinga,True,True
Willy Dabin,True,True
Witold Podlejski,True,True
Xavier Briottet,True,True
Xavier Luciani,True,True
Xianghua Xie,True,True
Xuanlong Yu,True,True
Y. Gatelet,True,True
Y. Hello,True,True
Yan Gerard,True,True
Yann Vaxès,True,True
Yannick Deville,True,True
Yassine Boukal,True,True
Yassine Guermazi,True,True
Yassine Zniyed,True,True
Yong-Guk Kim,True,True
Youssef Hmamouche,True,True
Yves Le Gall,True,True
Zacharie Aoulad,True,True
Zhenxing Xu,True,True
Zhongliang Li,True,True
Łukasz Bożyk,True,True
A. Almela,True,False
A. Bakalova,True,False
A. Balaceanu,True,False
A. Barbano,True,False
A. Bueno,True,False
A. Burgman,True,False
A. Castellina,True,False
A. Choux,True,False
A. Coleman,True,False
A. Condorelli,True,False
A. Desai,True,False
A. Di Matteo,True,False
A. Etchegoyen,True,False
A. Fedynitch,True,False
A. Filipčič,True,False
A. Franckowiak,True,False
A. Fritz,True,False
A. Fuster,True,False
A. Garcia,True,False
A. Ghadimi,True,False
A. Gherghel-Lascu,True,False
A. Gorgi,True,False
A. Hallgren,True,False
A. Haungs,True,False
A. Insolia,True,False
A. Ishihara,True,False
A. Iwasaki,True,False
A. Karle,True,False
A. Khakurdikar,True,False
A. Kheirandish,True,False
A. Kääpä,True,False
A. Leszczyńska,True,False
A. Letessier-Selvon,True,False
A. Ludwig,True,False
A. Machado Payeras,True,False
A. Medina,True,False
A. Menshikov,True,False
A. Nakazawa,True,False
A. Nasr-Esfahani,True,False
A. Nucita,True,False
A. Obertacke Pollmann,True,False
A. Olivas,True,False
A. Oshima,True,False
A. Parra,True,False
A. Pizzuto,True,False
A. Porcelli,True,False
A. Puyleart,True,False
A. Păun,True,False
A. Raissi,True,False
A. Rehman,True,False
A. Romanov,True,False
A. Saftoiu,True,False
A. Sandrock,True,False
A. Schneider,True,False
A. Segreto,True,False
A. Sharma,True,False
A. Steuer,True,False
A. Streich,True,False
A. Sánchez-Losa,True,False
A. Taketa,True,False
A. Tapia,True,False
A. Travaini,True,False
A. Trettin,True,False
A. Turcati,True,False
A. Vásquez-Ramírez,True,False
A. Weindl,True,False
A. Yushkov,True,False
A. Zegarelli,True,False
A. del Popolo,True,False
A.A. Alves,True,False
A.A. Harnisch,True,False
A.A. Watson,True,False
A.C. Cobos Cerutti,True,False
A.C. Fauth,True,False
A.C. Rovero,True,False
A.D. Supanitsky,True,False
A.G. Mariazzi,True,False
A.J. Muñoz-Vázquez,True,False
A.L. Garcia Vegas,True,False
A.L. Müller,True,False
A.M. Badescu,True,False
A.M. Botti,True,False
A.R. Fazely,True,False
A.T. Fienberg,True,False
Adaeze Adigwe,True,False
Adrian Lancucki,True,False
Afra Alishahi,True,False
Ahmed Elgharib,True,False
Ahmed Mabrouk,True,False
Ahmed Samet,True,False
Alan Mcconnachie,True,False
Alberto D. Verga,True,False
Alexandre Cornier,True,False
Alexandre Goujon,True,False
Alexandre Marin,True,False
Allan Halpern,True,False
Alon Scope,True,False
Amanda Navine,True,False
Amine Zeguendry,True,False
Anaelle Wilczynski,True,False
Andrea Ciardi,True,False
Andrew Durso,True,False
Andrzej Pelc,True,False
Archna Bhatia,True,False
Arthur Kuehn,True,False
Axel Bonnet,True,False
Axel Journe,True,False
Axel Preud’homme,True,False
B. Andrada,True,False
B. Bastian,True,False
B. Brinson,True,False
B. Fick,True,False
B. García,True,False
B. Hokanson-Fasig,True,False
B. Keilhauer,True,False
B. Lubsandorzhiev,True,False
B. O'Fearraigh,True,False
B. Oeyen,True,False
B. Pont,True,False
B. Pries,True,False
B. Riedel,True,False
B. Skrzypek,True,False
B. Smithers,True,False
B. Tomé,True,False
B. Ty,True,False
B. Vallage,True,False
B. Wundheiler,True,False
B.A. Clark,True,False
B.C. Manning,True,False
B.G. Cheon,True,False
B.J.P. Jones,True,False
B.K. Shin,True,False
B.L. Lago,True,False
B.R. Dawson,True,False
B.T. Stokes,True,False
Baptiste Bauvin,True,False
Baptiste Blouin,True,False
Bente Maegaard,True,False
Björn Lellmann,True,False
Boris Lonjon,True,False
Brahmteg Minhas,True,False
C. Alispach,True,False
C. Aramo,True,False
C. Argüelles,True,False
C. Bellenghi,True,False
C. Berat,True,False
C. Bleve,True,False
C. Bonifazi,True,False
C. Chen,True,False
C. Dappen,True,False
C. Dobrigkeit,True,False
C. Finley,True,False
C. Galea,True,False
C. Galelli,True,False
C. Glaser,True,False
C. Günther,True,False
C. Haack,True,False
C. Hill,True,False
C. Hojvat,True,False
C. Kopper,True,False
C. Lagunas Gualda,True,False
C. Morello,True,False
C. Oliveira,True,False
C. Petrucci,True,False
C. Pieterse,True,False
C. Poirè,True,False
C. Pérez Bertolli,True,False
C. Pérez de los Heros,True,False
C. Raab,True,False
C. Rott,True,False
C. Sarmiento-Cano,True,False
C. Spannfellner,True,False
C. Spiering,True,False
C. Taricco,True,False
C. Timmermans,True,False
C. Trimarelli,True,False
C. Tönnis,True,False
C. Ventura,True,False
C. Walck,True,False
C. Watanabe,True,False
C. Weaver,True,False
C. Wendt,True,False
C. de Clercq,True,False
C.C.H. Jui,True,False
C.E. Covault,True,False
C.F. Tung,True,False
C.F. Turley,True,False
C.H. Wiebusch,True,False
C.J. Lozano Mariscal,True,False
C.J. Todero Peixoto,True,False
C.M. Schäfer,True,False
C.O. Escobar,True,False
C.W. James,True,False
Camille Noûs,True,False
Carlos Ramisch,True,False
Carol Figueroa,True,False
Caterina Longo,True,False
Charles Verpoorter,True,False
Charlie Hallart,True,False
Christelle Launois,True,False
Christophe Gonzales,True,False
Claire Gardent,True,False
Constance P. Michel,True,False
Constanza Rojas‐cerda,True,False
Corentin Bernard,True,False
Cristian Navarrete-Dechent,True,False
Cécile Crimon,True,False
Céline Rouveirol,True,False
D. Berley,True,False
D. Bindig,True,False
D. Boncioli,True,False
D. Chirkin,True,False
D. Correia dos Santos,True,False
D. Delgado López,True,False
D. Fox,True,False
D. Grant,True,False
D. Góra,True,False
D. Harari,True,False
D. Hebecker,True,False
D. Heck,True,False
D. Ikeda,True,False
D. Ivanov,True,False
D. Kang,True,False
D. Kappesser,True,False
D. Lo Presti,True,False
D. Mandat,True,False
D. Martello,True,False
D. Melo,True,False
D. Mockler,True,False
D. Nitz,True,False
D. Nosek,True,False
D. Ravignani,True,False
D. Real,True,False
D. Ryckbosch,True,False
D. Rysewyk Cantu,True,False
D. Ryu,True,False
D. Schmidt,True,False
D. Seckel,True,False
D. Shinto,True,False
D. Soldin,True,False
D. Stanca,True,False
D. Tosi,True,False
D. Vannerom,True,False
D. Veberič,True,False
D. Vivolo,True,False
D. Warren,True,False
D. Wittkowski,True,False
D. Zavrtanik,True,False
D. de Oliveira Franco,True,False
D.C. Rodriguez,True,False
D.F. Cowen,True,False
D.F.E. Samtleben,True,False
D.J. Koskinen,True,False
D.R. Bergman,True,False
D.R. Williams,True,False
D.V. Pankova,True,False
D.Z. Besson,True,False
Daniel Egret,True,False
Darine Bouteldja,True,False
David Mount,True,False
Davy Monticolo,True,False
Diego Horacio Rodriguez,True,False
Dominique Benielli,True,False
Dominique Fohr,True,False
Dominique Longin,True,False
E. Arnone,True,False
E. Barcikowski,True,False
E. Bernardini,True,False
E. Blaufuss,True,False
E. Bourbeau,True,False
E. Dvorak,True,False
E. Friedman,True,False
E. Ganster,True,False
E. Guido,True,False
E. Kido,True,False
E. Kun,True,False
E. Lohfink,True,False
E. Mayotte,True,False
E. Nezri,True,False
E. Nicolas,True,False
E. Nishio,True,False
E. O'Sullivan,True,False
E. Resconi,True,False
E. Roulet,True,False
E. Santos,True,False
E. Varela,True,False
E. Zas,True,False
E. de Vito,True,False
E.C. Hettinger,True,False
E.E. Pereira Martins,True,False
E.G. Carnie-Bronca,True,False
E.J. Roberts,True,False
E.M. Santos,True,False
E.N. Paudel,True,False
Emma de Araujo,True,False
Enol Fernández,True,False
Enrico Formenti,True,False
Esther da Cunha Soares,True,False
Eurico L.P. Ruivo,True,False
F. Barbato,True,False
F. Bontempo,True,False
F. Bradascio,True,False
F. Canfora,True,False
F. Catalani,True,False
F. Contreras,True,False
F. Convenga,True,False
F. Feldbusch,True,False
F. Fenu,True,False
F. Gesualdi,True,False
F. Gobbi,True,False
F. Gollan,True,False
F. Guarino,True,False
F. Halzen,True,False
F. Henningsen,True,False
F. Kakimoto,True,False
F. Knapp,True,False
F. Lauber,True,False
F. Lucarelli,True,False
F. Mcnally,True,False
F. Montanet,True,False
F. Pedreira,True,False
F. Riehn,True,False
F. Salamida,True,False
F. Salesa Greus,True,False
F. Sarazin,True,False
F. Schlüter,True,False
F. Schüssler,True,False
F. Scuiller,True,False
F. Shibata,True,False
F. Sánchez,True,False
F. Tischbein,True,False
F. Urban,True,False
F. Versari,True,False
F. Yoshida,True,False
F. de Palma,True,False
F.G. Schröder,True,False
F.L. Briechle,True,False
F.M. Mariani,True,False
Fatiha Saïs,True,False
Fatima Benbouzid-Sitayeb,True,False
Fazia Harrache,True,False
Fazia Hermime,True,False
Fernando Zagatti,True,False
Fionn Mc Inerney,True,False
François Laviolette,True,False
François Sarano,True,False
François Schwarzentruber,True,False
Frédéric Schneider,True,False
G Auzias,True,False
G. Avila,True,False
G. Bhatta,True,False
G. Binder,True,False
G. Cataldi,True,False
G. Consolati,True,False
G. Farrar,True,False
G. Furlich,True,False
G. Golup,True,False
G. Mancarella,True,False
G. Marsella,True,False
G. Matthiae,True,False
G. Medina-Tanco,True,False
G. Naves,True,False
G. Nicora,True,False
G. Parente,True,False
G. Renzi,True,False
G. Riccobene,True,False
G. Roellinghoff,True,False
G. Salina,True,False
G. Schwefer,True,False
G. Sigl,True,False
G. Silli,True,False
G. Wrede,True,False
G.A. Anastasi,True,False
G.B. Thomson,True,False
G.C. Hill,True,False
G.E. Păvălaş,True,False
G.H. Collin,True,False
G.I. Rubtsov,True,False
G.K. Parker,True,False
G.M. Spiczak,True,False
G.P. Guedes,True,False
G.S. Japaridze,True,False
G.T. Przybylski,True,False
G.W. Sullivan,True,False
Gabriel Skantze,True,False
Gabriele Campanella,True,False
Gian Luca Pozzato,True,False
Giovanni Pellacani,True,False
Grzegorz Chrupała,True,False
Guillaume Maurras,True,False
H. Asorey,True,False
H. Dembinski,True,False
H. Dujmovic,True,False
H. Erpenbeck,True,False
H. Falcke,True,False
H. Gemmeke,True,False
H. He,True,False
H. Ito,True,False
H. Iwakura,True,False
H. Kolanoski,True,False
H. Matsumiya,True,False
H. Niederhausen,True,False
H. Oda,True,False
H. Ohoka,True,False
H. Pandya,True,False
H. Sagawa,True,False
H. Salazar,True,False
H. Schieler,True,False
H. Schoorlemmer,True,False
H. Shimodaira,True,False
H. Tanaka,True,False
H. Tokuno,True,False
H. Wahlberg,True,False
H. Wilczyński,True,False
H.B. Kim,True,False
H.J. Mathes,True,False
H.M. Jeong,True,False
H.O. Klages,True,False
H.S. Shin,True,False
Hassan Haghighi,True,False
Herve Barthelemy,True,False
Hiromichi Hagihara,True,False
Hugo Martin,True,False
Hugues Vitry,True,False
I. Allekotte,True,False
I. Buckland,True,False
I. Caracas,True,False
I. Epicoco,True,False
I. Goos,True,False
I. Kharuk,True,False
I. Lhenry-Yvon,True,False
I. Martinez-Soler,True,False
I. Myers,True,False
I. Safa,True,False
I. Taboada,True,False
I. Tkachev,True,False
I. de Mitri,True,False
I.C. Mariş,True,False
I.C. Rea,True,False
I.D. Vergara Quispe,True,False
I.H. Park,True,False
Iain Staniland,True,False
Irina Illina,True,False
Isaac Sanou,True,False
Isabelle Bloch,True,False
J. Adams,True,False
J. Alvarez-Muñiz,True,False
J. Becker Tjus,True,False
J. Biteau,True,False
J. Blazek,True,False
J. Blümer,True,False
J. Borowka,True,False
J. Brack,True,False
J. Braun,True,False
J. Brostean-Kaiser,True,False
J. Böttcher,True,False
J. Chiba,True,False
J. Chudoba,True,False
J. Ebr,True,False
J. Evans,True,False
J. Farmer,True,False
J. Gallagher,True,False
J. Glombitza,True,False
J. Hardin,True,False
J. Hignight,True,False
J. Jurysek,True,False
J. Kemp,True,False
J. Kiryluk,True,False
J. Kleinfeller,True,False
J. Madsen,True,False
J. Manshanden,True,False
J. Matthews,True,False
J. Micallef,True,False
J. Necker,True,False
J. Pallotta,True,False
J. Pawlowsky,True,False
J. Perez Armand,True,False
J. Peterson,True,False
J. Peña-Rodriguez,True,False
J. Pȩkala,True,False
J. Rack-Helleis,True,False
J. Rautenberg,True,False
J. Remington,True,False
J. Ridky,True,False
J. Rodriguez Rojo,True,False
J. Saffer,True,False
J. Schnabel,True,False
J. Schneider,True,False
J. Schulte,True,False
J. Schumann,True,False
J. Seneca,True,False
J. Soedingrekso,True,False
J. Stachurska,True,False
J. Stasielak,True,False
J. Stettner,True,False
J. Vandenbroucke,True,False
J. Vicha,True,False
J. Vink,True,False
J. Weldert,True,False
J. Werthebach,True,False
J. Wulff,True,False
J. Zúñiga,True,False
J. de Jesús,True,False
J. de Oliveira,True,False
J. van Santen,True,False
J.-P. Gauthier,True,False
J.A. Aguilar,True,False
J.A. Bellido,True,False
J.A. Chinellato,True,False
J.A. Day,True,False
J.A. Johnsen,True,False
J.C. Arteaga Velázquez,True,False
J.C. Díaz-Vélez,True,False
J.C. d'Olivo,True,False
J.D. Sanabria Gomez,True,False
J.D. Smith,True,False
J.D. Zornoza,True,False
J.F. Charpentier,True,False
J.F. Soriano,True,False
J.F. Valdés Galicia,True,False
J.G. Gonzalez,True,False
J.H. Kim,True,False
J.J. Beatty,True,False
J.J. Delaunay,True,False
J.J. Hernández-Rey,True,False
J.L. Kelley,True,False
J.L. Lanfranchi,True,False
J.M. Alameddine,True,False
J.M. Albury,True,False
J.M. Conrad,True,False
J.M. Figueira,True,False
J.M. González,True,False
J.N. Matthews,True,False
J.P. Gongora,True,False
J.P. Lazar,True,False
J.P. Lundquist,True,False
J.P. Twagirayezu,True,False
J.P. Yanez,True,False
J.R. Hörandel,True,False
J.R.T. de Mello Neto,True,False
J.V. Mead,True,False
J.W. Belz,True,False
J.W. Lee,True,False
Jacques Corbeil,True,False
Jean-Luc Jung,True,False
Jean-Marc Talbot,True,False
Jeremy Beaumont,True,False
John Bateman,True,False
Joseph J Mariani,True,False
Jr.A.A. Alves,True,False
Julien R. Serres,True,False
K-N. M'Sirdi,True,False
K. Almeida Cheminant,True,False
K. Andeen,True,False
K. Bismark,True,False
K. Choi,True,False
K. Clark,True,False
K. Daumiller,True,False
K. Deoskar,True,False
K. Filimonov,True,False
K. Fujisue,True,False
K. Fujita,True,False
K. Hanson,True,False
K. Helbing,True,False
K. Hibino,True,False
K. Honda,True,False
K. Hoshina,True,False
K. Hultqvist,True,False
K. Hymon,True,False
K. Kadota,True,False
K. Kasahara,True,False
K. Kawata,True,False
K. Kin,True,False
K. Leonard,True,False
K. Machida,True,False
K. Mase,True,False
K. Meagher,True,False
K. Mukai,True,False
K. Mulrey,True,False
K. Nakai,True,False
K. Rawlins,True,False
K. Sano,True,False
K. Satalecka,True,False
K. Sato,True,False
K. Sekino,True,False
K. Tanaka,True,False
K. Tollefson,True,False
K. Woschnagg,True,False
K. Yamazaki,True,False
K. Yashiro,True,False
K.-H. Becker,True,False
K.B.M. Mahn,True,False
K.D. Hoffman,True,False
K.D. de Vries,True,False
K.H. Kampert,True,False
K.H. Lee,True,False
K.L. Fan,True,False
K.S. Caballero-Mora,True,False
Kais Hariz,True,False
Kateryna Verzhanska,True,False
Kivanc Kose,True,False
Konstantinos Liopyris,True,False
L. Anchordoqui,True,False
L. Bonneau Arbeletche,True,False
L. Caccianiga,True,False
L. Cazon,True,False
L. Chytka,True,False
L. Classen,True,False
L. Clavier,True,False
L. Deval,True,False
L. Fischer,True,False
L. Gerhardt,True,False
L. Halve,True,False
L. Kardum,True,False
L. Köpke,True,False
L. Lopes,True,False
L. Lu,True,False
L. Miramonti,True,False
L. Morejon,True,False
L. Nellen,True,False
L. Nožka,True,False
L. Paul,True,False
L. Perrone,True,False
L. Peters,True,False
L. Rajaoarisoa,True,False
L. Schumacher,True,False
L. Vaclavek,True,False
L. Valore,True,False
L. Wiencke,True,False
L. Zehrer,True,False
L.A. Fusco,True,False
L.A. Núñez,True,False
L.M. Domingues Mendes,True,False
L.V. Nguyễn,True,False
Lala Herimanjaka Rajaoarisoa,True,False
Laurent Clavier,True,False
Leonor Becerra-Bonache,True,False
Lina Rojas-Barahona,True,False
Livy Real,True,False
Louis-Marie Dando,True,False
Lucas Nildaimon dos Santos Silva,True,False
Ludivine Robert,True,False
M-H. Benzaama,True,False
M. Ackermann,True,False
M. Aglietta,True,False
M. Ahlers,True,False
M. Ahrens,True,False
M. Allen,True,False
M. Boddenberg,True,False
M. Boháčová,True,False
M. Buscemi,True,False
M. Büsken,True,False
M. Carmona,True,False
M. Cerda,True,False
M. Cherkaoui,True,False
M. Chikawa,True,False
M. Dittmer,True,False
M. Dobre,True,False
M. Dunkman,True,False
M. Erdmann,True,False
M. Fukushima,True,False
M. Giammarchi,True,False
M. Gottowik,True,False
M. Gómez Berisso,True,False
M. Ha Minh,True,False
M. Hayashi,True,False
M. Hrabovský,True,False
M. Huber,True,False
M. Hünnefeld,True,False
M. Jansson,True,False
M. Jeong,True,False
M. Jin,True,False
M. Karl,True,False
M. Kauer,True,False
M. Kellermann,True,False
M. Kleifges,True,False
M. Kovacevich,True,False
M. Kowalski,True,False
M. Kuznetsov,True,False
M. Labbadi,True,False
M. Liubarska,True,False
M. Mastrodicasa,True,False
M. Meier,True,False
M. Minamino,True,False
M. Mostafá,True,False
M. Moulai,True,False
M. Muzio,True,False
M. Niculescu-Oglinzanu,True,False
M. Niechciol,True,False
M. Oehler,True,False
M. Ohnishi,True,False
M. Ono,True,False
M. Palatka,True,False
M. Pech,True,False
M. Perlin,True,False
M. Perrin-Terrin,True,False
M. Pimenta,True,False
M. Pittermann,True,False
M. Platino,True,False
M. Plum,True,False
M. Pothast,True,False
M. Potts,True,False
M. Prado Rodriguez,True,False
M. Prouza,True,False
M. Rameez,True,False
M. Reininghaus,True,False
M. Richman,True,False
M. Risse,True,False
M. Rongen,True,False
M. Roth,True,False
M. Saharan,True,False
M. Sanguineti,True,False
M. Santander,True,False
M. Sayed-Mouchaweh,True,False
M. Schaufel,True,False
M. Schimassek,True,False
M. Schimp,True,False
M. Scornavacche,True,False
M. Silva,True,False
M. Spurio,True,False
M. Stadelmaier,True,False
M. Stamatikos,True,False
M. Suárez-Durán,True,False
M. Taiuti,True,False
M. Takamura,True,False
M. Takeda,True,False
M. Takita,True,False
M. Tanaka,True,False
M. Tselengidou,True,False
M. Tueros,True,False
M. Unger,True,False
M. Vacula,True,False
M. Weyrauch,True,False
M. Wirtz,True,False
M. Wolf,True,False
M. Yamamoto,True,False
M. Zavrtanik,True,False
M. Zerrougui,True,False
M. de With,True,False
M. del Río,True,False
M.A. Campana,True,False
M.A. Duvernois,True,False
M.A. Leigui de Oliveira,True,False
M.A. Muller,True,False
M.A. Unland Elorrieta,True,False
M.E. Bertaina,True,False
M.I. Micheletti,True,False
M.J. Larson,True,False
M.J. Roncoroni,True,False
M.J. Weiss,True,False
M.R. Coluccia,True,False
M.R. Hampel,True,False
M.S. Pshirkov,True,False
M.T. Dova,True,False
M.U. Nisa,True,False
Maamar El Amine Hamri,True,False
Madeline Fery,True,False
Maher Moakher,True,False
Marc Pinto,True,False
Marc-Adrien Hostin,True,False
Marcos Garcia,True,False
Marianna Girlando,True,False
Maribel Fernández,True,False
Marie Lamouret,True,False
Marion Sarano,True,False
Massimo Stella,True,False
Mathias Urbano,True,False
Matthieu Py,True,False
Maxime Guye,True,False
Maxime Guériau,True,False
Meiling Yue,True,False
Michael Frank,True,False
Michael Zock,True,False
Mihaela Găman,True,False
Mikhael Carmona,True,False
Moamar Sayed-Mouchaweh,True,False
Mohamed Mahmoud Mohamed Ahmed,True,False
Mohamed Quafafou,True,False
Mohammad Khosravi,True,False
Monica Barbir,True,False
N. Borodai,True,False
N. Fazzini,True,False
N. Feigl,True,False
N. Globus,True,False
N. González,True,False
N. Hayashida,True,False
N. Inoue,True,False
N. Iovine,True,False
N. Karastathis,True,False
N. Kunka,True,False
N. Kurahashi,True,False
N. Lad,True,False
N. Langner,True,False
N. Park,True,False
N. Sakaki,True,False
N. Sakurai,True,False
N. Shibata,True,False
N. Sone,True,False
N. Valtonen-Mattila,True,False
N. Whitehorn,True,False
N. van Eijndhoven,True,False
N.M. Amin,True,False
Nacer M'Sirdi,True,False
Naomi Feldman,True,False
Nawal Abboub,True,False
Nicolas Aunai,True,False
Nicolas Deloustal,True,False
Nicolas Sembel,True,False
Nicolas Zampieri,True,False
Noureddine Zerhouni,True,False
Nuno F. Loureiro,True,False
O. Botner,True,False
O. Deligny,True,False
O. Kalashev,True,False
O. Martínez Bravo,True,False
O. Scholten,True,False
O. Sima,True,False
O. Tkachenko,True,False
O. Zapparrata,True,False
P. Abreu,True,False
P. Assis,True,False
P. Buchholz,True,False
P. Coppin,True,False
P. Correa,True,False
P. Dave,True,False
P. Desiati,True,False
P. Eller,True,False
P. Fürst,True,False
P. Gutjahr,True,False
P. Hamal,True,False
P. Hansen,True,False
P. Horvath,True,False
P. Janecek,True,False
P. Koundal,True,False
P. Mantsch,True,False
P. Papenbreer,True,False
P. Privitera,True,False
P. Reichherzer,True,False
P. Ruehl,True,False
P. Sapienza,True,False
P. Savina,True,False
P. Schovánek,True,False
P. Sokolsky,True,False
P. Sommers,True,False
P. Stassi,True,False
P. Tinyakov,True,False
P. Tobiska,True,False
P. Travnicek,True,False
P. Weigel,True,False
P. Zhelnin,True,False
P.A. Evenson,True,False
P.B. Price,True,False
P.D. Shah,True,False
P.F. Gómez Vitale,True,False
P.G. Brichetto Orchera,True,False
P.G. Isar,True,False
P.L. Biermann,True,False
P.L. Ghia,True,False
P.O. Mazur,True,False
P.R. Araújo Ferreira,True,False
Pascale Guitera,True,False
Paul Cook,True,False
Paul-Emile Mainge,True,False
Paulo Augusto de Lima Medeiros,True,False
Pawel Rychlikowski,True,False
Pedro Paulo Balbi,True,False
Peirolo Morgane,True,False
Polette Arnaud,True,False
Q. Luce,True,False
Q.R. Liu,True,False
R Yadav,True,False
R. Abbasi,True,False
R. Alves Batista,True,False
R. Arimura,True,False
R. Bay,True,False
R. Cady,True,False
R. Colalillo,True,False
R. Conceição,True,False
R. Cross,True,False
R. Engel,True,False
R. Fujiwara,True,False
R. Fukushima,True,False
R. Gonzalez,True,False
R. Halliday,True,False
R. Higuchi,True,False
R. Hoffmann,True,False
R. Hussain,True,False
R. Koirala,True,False
R. López,True,False
R. Maruyama,True,False
R. Mayta,True,False
R. Morse,True,False
R. Mussa,True,False
R. Naab,True,False
R. Nagai,True,False
R. Nakamura,True,False
R. Onogi,True,False
R. Pelayo,True,False
R. Reimann,True,False
R. Sahara,True,False
R. Sarmento,True,False
R. Sato,True,False
R. Smau,True,False
R. Snihur,True,False
R. Squartini,True,False
R. Stein,True,False
R. Takeishi,True,False
R. Tsuda,True,False
R. Turcotte,True,False
R. Ulrich,True,False
R. Šmída,True,False
R.C. Shellard,True,False
R.C. dos Anjos,True,False
R.G. Lang,True,False
R.M. de Almeida,True,False
R.S. Busse,True,False
R.T. Burley,True,False
R.W. Clay,True,False
R.W. Moore,True,False
Radu Tudor Ionescu,True,False
Richard Baraniuk,True,False
Richard Kronland-Martinet,True,False
Roch Smets,True,False
Ruolan Li,True,False
S. Andringa,True,False
S. Axani,True,False
S. Baur,True,False
S. Benzvi,True,False
S. Blot,True,False
S. Bron,True,False
S. Browne,True,False
S. Buitink,True,False
S. Böser,True,False
S. Dasso,True,False
S. Fiedlschuster,True,False
S. Garrappa,True,False
S. Goswami,True,False
S. Griswold,True,False
S. Hahn,True,False
S. Hickford,True,False
S. In,True,False
S. Jeong,True,False
S. Kasami,True,False
S. Kawakami,True,False
S. Kawana,True,False
S. Kishigami,True,False
S. Kopper,True,False
S. Kurisu,True,False
S. Mancina,True,False
S. Marafico,True,False
S. Martinelli,True,False
S. Mayotte,True,False
S. Mechbal,True,False
S. Meighen-Berger,True,False
S. Michal,True,False
S. Mollerach,True,False
S. Nagataki,True,False
S. Navas,True,False
S. Ogio,True,False
S. Ozawa,True,False
S. Petrera,True,False
S. Philippen,True,False
S. Pieper,True,False
S. Querchfeld,True,False
S. Reck,True,False
S. Reusch,True,False
S. Robertson,True,False
S. Rossoni,True,False
S. Sarkar,True,False
S. Schindler,True,False
S. Sclafani,True,False
S. Sehgal,True,False
S. Seunarine,True,False
S. Shefali,True,False
S. Stanič,True,False
S. Ter-Antonyan,True,False
S. Tilav,True,False
S. Toscano,True,False
S. Troitsky,True,False
S. Udo,True,False
S. Verpoest,True,False
S. Viola,True,False
S. Vorobiov,True,False
S. Yoshida,True,False
S. Yu,True,False
S. Zavatarelli,True,False
S.A. Blake,True,False
S.B. Thomas,True,False
S.C. Nowicki,True,False
S.E. Sanchez Herrera,True,False
S.J. Sciutto,True,False
S.J. de Jong,True,False
S.R. Klein,True,False
S.W. Barwick,True,False
S.W. Kim,True,False
Sachiko Nozawa,True,False
Samir Jemei,True,False
Sara Riva,True,False
Saud Aleissa,True,False
Shahram Attarian,True,False
Shiva Taslimipoor,True,False
Sho Tsuji,True,False
Shoulin Li,True,False
Simon de Deyne,True,False
Sokol Koço,True,False
Sorina Pop,True,False
Stanislas Rapacchi,True,False
Stefano Pesce,True,False
Stéphane Rauzy,True,False
Sébastien Bouchard,True,False
Séverine Fratani,True,False
Sølvi Ystad,True,False
T. Abu-Zayyad,True,False
T. Anderson,True,False
T. Bister,True,False
T. Bretz,True,False
T. Deyoung,True,False
T. Ehrhardt,True,False
T. Fitoussi,True,False
T. Fodran,True,False
T. Fujii,True,False
T. Glauch,True,False
T. Glüsenkamp,True,False
T. Grégoire,True,False
T. Hebbeker,True,False
T. Huber,True,False
T. Huege,True,False
T. Inadomi,True,False
T. Ishii,True,False
T. Karg,True,False
T. Kintscher,True,False
T. Kontrimas,True,False
T. Kozynets,True,False
T. Matsuyama,True,False
T. Mcelroy,True,False
T. Montaruli,True,False
T. Nakamura,True,False
T. Nonaka,True,False
T. Okuda,True,False
T. Pierog,True,False
T. Pradier,True,False
T. Ruhe,True,False
T. Sako,True,False
T. Schmidt,True,False
T. Schulz,True,False
T. Seki,True,False
T. Shibata,True,False
T. Stanev,True,False
T. Stezelberger,True,False
T. Stuttard,True,False
T. Stürwald,True,False
T. Sudholz,True,False
T. Suomijärvi,True,False
T. Thakore,True,False
T. Tomida,True,False
T. Uehama,True,False
T. Wong,True,False
T. Yuan,True,False
T.A. Stroman,True,False
T.B. Watson,True,False
T.D. Grubb,True,False
T.K. Gaisser,True,False
T.N. Chau,True,False
Th. Stolarczyk,True,False
Thomas Fernique,True,False
Thomas Fuchs,True,False
Thomas Guyet,True,False
Thomas Misiek,True,False
Thomas Troalen,True,False
U. Giaccari,True,False
U. Naumann,True,False
V. Basu,True,False
V. Binet,True,False
V. Chepoi,True,False
V. Dutto,True,False
V. Kuzmin,True,False
V. Lenok,True,False
V. Novotny,True,False
V. Pestel,True,False
V. Pirronello,True,False
V. Popa,True,False
V. Rizi,True,False
V. Scherini,True,False
V. Verzi,True,False
V. de Souza,True,False
V. van Elewyck,True,False
V.A. Balagopal,True,False
V.M. Harvey,True,False
V.V. Kizakke Covilakam,True,False
Valeria Ardizzone,True,False
Valérie Camps,True,False
Vito Pirrelli,True,False
W. Hanlon,True,False
W. Kang,True,False
W. Luszczak,True,False
W. Rhode,True,False
W. Rodrigues de Carvalho,True,False
W.M. Namasaka,True,False
W.Y. Ma,True,False
William Domingues,True,False
X. Bai,True,False
X. Bertou,True,False
X. Kang,True,False
X.W. Xu,True,False
Xuan Hoang La,True,False
Y. Arai,True,False
Y. Ashida,True,False
Y. Kimura,True,False
Y. Kubota,True,False
Y. Li,True,False
Y. Lyu,True,False
Y. Makino,True,False
Y. Nakamura,True,False
Y. Oku,True,False
Y. Omura,True,False
Y. Popovych,True,False
Y. Saito,True,False
Y. Shibasaki,True,False
Y. Takagi,True,False
Y. Takahashi,True,False
Y. Tameda,True,False
Y. Tanoue,True,False
Y. Tayalati,True,False
Y. Tsunesada,True,False
Y. Uchihori,True,False
Y. Yoshioka,True,False
Y. Zhezher,True,False
Y.J. Kwon,True,False
Yann Duperis,True,False
Yann Le Fur,True,False
Yannick Parmentier,True,False
Yuta Shinya,True,False
Yves Demazeau,True,False
Z. Chen,True,False
Z. Szadkowski,True,False
Z. Torrès,True,False
Z. Zhang,True,False
Z. Zundel,True,False
Zahi Jarir,True,False
Zied Bouraoui,True,False
Zihan Xu,True,False
Éric Gaussier,True,False
A. Ciardi,False,True
A. Dahmani,False,True
A. Heijboer,False,True
A. Khoder,False,True
A. Zavagno,False,True
A.C. Gouabou Foahom,False,True
ANTARES Collaboration,False,True
Abdel-Razzak Merheb,False,True
Abdelahami Bouaroudge,False,True
Abdelkader El Mahdaouy,False,True
Abdellah Benzaouia,False,True
Abdelmalik Moujahid,False,True
Abigail Betanzos,False,True
Abraham Traoré,False,True
Achraf Hamane,False,True
Ade Fadli Fachrul,False,True
Adrian Pı̂rnău,False,True
Adriana Tapus,False,True
Adrien Richard,False,True
Adrien Varet,False,True
Agata Ciabattoni,False,True
Ahmed Menad,False,True
Ahmed Nait‐Sidi‐Moh,False,True
Ahmed Omar Elgharib,False,True
Alain Planchais,False,True
Alan M. Gonzalez‐Suarez,False,True
Alan W. McConnachie,False,True
Alba Domi,False,True
"Albert, A.",False,True
Alberto Verga,False,True
Aldo Jonathan Muñoz‐Vázquez,False,True
Alexander Bang,False,True
Alexander Marin,False,True
Alexandre Altes,False,True
Alexandre Berne,False,True
Alexandre Chapoutot,False,True
Alexis Bazin,False,True
Alexis Bonnecaze,False,True
Ali Mestrah,False,True
Ali Sialat,False,True
Alice Jacquens,False,True
"Alves, S.",False,True
Amanda K. Navine,False,True
Amanda Vidal,False,True
Amaury Paris,False,True
Amir Soleimani,False,True
Amirhossein Khezri,False,True
Amirhossein Mostofi,False,True
Amit Pathak,False,True
Amélie Svensson,False,True
Andrei Doncescu,False,True
Andrei Tonkikh,False,True
Andrew M. Durso,False,True
André L. F. de Almeida,False,True
"André, M.",False,True
Angela Bonifati,False,True
Angela Yao,False,True
"Anghinolfi, M.",False,True
Anh‐Tu Nguyen,False,True
Anna Ingólfsdóttir,False,True
Anna Lekova,False,True
Anne Gagnebien,False,True
Annemiek J. M. Cornelissen,False,True
Annie Gentès,False,True
Anoir Souissi,False,True
Antoine Manzanera,False,True
Anton Wellstein,False,True
"Ardid, M.",False,True
"Ardid, S.",False,True
Ariana Raluca Hategan,False,True
Arnaud Casteigts,False,True
Asif Iqbal,False,True
"Aubert, J. -J.",False,True
"Aublin, J.",False,True
Aurélien Merci,False,True
Avner Pérez,False,True
Aymen Mouelhi,False,True
Ayrat Khalimov,False,True
Aytac BEHBUDOVA,False,True
Ayyoub Ait Ladel,False,True
A‎. ‎M‎. ‎A‎. El-Sayed,False,True
B. Dahhou,False,True
B. De Martino,False,True
BUKASA MUKENGESHAYI Jean-Claude,False,True
Bakélé Assou,False,True
Baptiste Laïd,False,True
"Baret, B.",False,True
"Basa, S.",False,True
"Belhorma, B.",False,True
"Benbouzid-Sitayeb, Fatima",False,True
"Bendahman, M.",False,True
"Benfenati, F.",False,True
Benjamin Barbier,False,True
Benjamin Chatel,False,True
Benoît Geller,False,True
Bente Mægaard,False,True
Bernard Davoust,False,True
"Bertin, V.",False,True
"Biagi, S.",False,True
"Bissinger, M.",False,True
Blandine Lesimple,False,True
Blouin Baptiste,False,True
Bouchra Ananou,False,True
"Boumaaza, J.",False,True
"Bouta, M.",False,True
"Bouwhuis, M. C.",False,True
"Breton, R. Le",False,True
"Bruijn, R.",False,True
"Brunner, J.",False,True
Bruno Emmanuel,False,True
Bruno Richoux,False,True
"Brânzaş, H.",False,True
"Busto, J.",False,True
C. Gaudy Marqueste,False,True
C. James,False,True
C. Nielsen,False,True
C.M. Astorga‐Zaragoza,False,True
"Caiffi, B.",False,True
"Calvo, D.",False,True
Camille Gambini,False,True
Camille Roelens,False,True
"Capone, A.",False,True
"Caramete, L.",False,True
Carlo Guidi,False,True
Carole Delforge,False,True
Caroline Gauriau,False,True
Caroline Malin-Mayor,False,True
"Carr, J.",False,True
"Carretero, V.",False,True
Cecilia Bañuelos,False,True
"Celli, S.",False,True
"Chabab, M.",False,True
Charles Audet,False,True
Charles Grellois,False,True
Charles VERPOOTER,False,True
Charlotte Gineste,False,True
"Chau, T. N.",False,True
"Chiarusi, T.",False,True
Chloé Di Lena,False,True
Christian Klinke,False,True
Christian Raymond,False,True
Christophe Caillot,False,True
Christophe Elie‐Dit‐Cosaque,False,True
Christophe Roman,False,True
Christophe Tribouilloy,False,True
Christopher Janetopoulos,False,True
Christopher Walter,False,True
Chuang Yu,False,True
"Circella, M.",False,True
Claire Goursaud,False,True
Claudia Faggian,False,True
"Coelho, J. A. B.",False,True
"Coleiro, A.",False,True
"Coniglione, R.",False,True
Constanza Rojas,False,True
Corentin Barloy,False,True
Corentin Travers,False,True
Corinne Novella,False,True
Costel Sârbu,False,True
"Coyle, P.",False,True
"Creusot, A.",False,True
Cristina Lagunas Gualda,False,True
Cyril Faure,False,True
Cyril Terrioux,False,True
Cécile H. Albert,False,True
Cédric Anthierens,False,True
Céline Richomme,False,True
D. Arzoumanian,False,True
D. Egret,False,True
D. Elia,False,True
D. Rodríguez,False,True
D. Russeil,False,True
Daan van Eijk,False,True
Dagmar Kainmueller,False,True
Damien Dornic,False,True
Damien Léger,False,True
Dan Ruşinaru,False,True
Dana Alina Măgdaş,False,True
Daniel Merenich,False,True
Daniel Pressnitzer,False,True
Danny Hendler,False,True
Dantan Phillipe,False,True
David Couret,False,True
David M. Mount,False,True
"De Martino, B.",False,True
Dena J. Clink,False,True
Denis Hagebaum‐Reignier,False,True
"Di Palma, I.",False,True
Dibyayan Chakraborty,False,True
Dichun Huang,False,True
Didier Marguet,False,True
Dima El Jamal,False,True
"Distefano, C.",False,True
"Domi, A.",False,True
Dominique Coquillat,False,True
Dominique Cordellier,False,True
Dominique Lefèvre,False,True
Dong‐Dong Zhou,False,True
"Donzaud, C.",False,True
"Dornic, D.",False,True
Douady Stéphane,False,True
Driss El Ouadghiri,False,True
"Drouhin, D.",False,True
Dylan Dachet,False,True
"Díaz, A. F.",False,True
E. Filiot,False,True
E. Schisano,False,True
"Eberl, T.",False,True
Eduardo J. Villablanca,False,True
Eduardo Vadillo,False,True
Ekram Chamseddine,False,True
El-Mostafa El-Adel,False,True
Elena Floriani,False,True
Elio Mansour,False,True
Elli Anastasiadi,False,True
Emma Degroote,False,True
Emmanuel Filiot,False,True
Enggal Sriwardiningsih,False,True
"Enzenhöfer, A.",False,True
Enzo Erlich,False,True
Ercan Çaçan,False,True
Eric Goles,False,True
Eric Pigeon,False,True
Erwann Nicolas,False,True
Etienne Hamelin,False,True
F. Guyon,False,True
F. Teppe,False,True
Fabien Chaillan,False,True
Fabio Martínez,False,True
Fabrice Bauer,False,True
Fadi Dornaika,False,True
Farid Nouioua,False,True
Farid Yessoufou,False,True
Faten Zéglaoui,False,True
Felipe Ramírez-Rasgado,False,True
Felipe Scott,False,True
"Fermani, P.",False,True
"Ferrara, G.",False,True
Filip Mazowiecki,False,True
"Filippini, F.",False,True
Fionn Inerney,False,True
Florent Foucaud,False,True
Florian Bridoux,False,True
Francesco Filippini,False,True
Francisca Castillo,False,True
Francisco Wandosell,False,True
Franck Boué,False,True
Franck Quaine,False,True
Franck Scuiller,False,True
François Bateman,False,True
François Hamonic,False,True
François Pessaux,False,True
Fuman Yan,False,True
"Fusco, L.",False,True
G. Ed Rainger,False,True
G. Riccio,False,True
Gabriel Marzinotto,False,True
Gabriella Bettonte,False,True
"García, J.",False,True
"Gay, P.",False,True
Gennady Rubinstein,False,True
Gerard Martín,False,True
Gianluca Li Causi,False,True
Gianni Pavan,False,True
Giulano Sciara,False,True
Giulio Guerrieri,False,True
Giuseppe Marco Tina,False,True
Glotin Hervé,False,True
"Glotin, H.",False,True
"Gozzini, R.",False,True
"Graf, K.",False,True
Greg L. Hura,False,True
Gregory Budney,False,True
Grégory Torkomian,False,True
"Guidi, C.",False,True
Guillaume Chambaret,False,True
Guillaume Graton,False,True
Guillaume Landicheff,False,True
Gustavo Monasterio,False,True
Gérald Umhang,False,True
Gérard Favier,False,True
H. Barthélemy,False,True
H. Martin,False,True
Haimei Liu,False,True
"Hallmann, S.",False,True
"Hammami, Omar",False,True
Hannah Zmuda,False,True
Hans van Haren,False,True
Hassan Noura,False,True
Hedi Jabnouni,False,True
"Heijboer, A. J.",False,True
Helen M. McGettrick,False,True
"Hello, Y.",False,True
Heng Zhang,False,True
Hengyi Zhong,False,True
Henrique Mello Rodrigues de Freitas,False,True
Herman Kamper,False,True
"Hernández-Rey, J. J.",False,True
Hervé Hocquard,False,True
Hicham Oualla,False,True
Hoang La,False,True
"Hofestädt, J.",False,True
"Huang, F.",False,True
Håkan Westerblad,False,True
"Hößl, J.",False,True
Iain J. Staniland,False,True
Ibtissem Sekrani,False,True
Idaira M. Guerrero Fonseca,False,True
Ilaria Nardecchia,False,True
"Illuminati, G.",False,True
Imen Arfaoui,False,True
Imen Guidara,False,True
Inayatulloh Inayatulloh,False,True
Inés M. Antón,False,True
Ioana Feher,False,True
Isaac Wilfried Sanou,False,True
Isabelle Dherment-Férère,False,True
Isabelle Varlet,False,True
J-L. Damoiseaux,False,True
J. A. Afonso de Almeida,False,True
J. Collenne,False,True
J. García,False,True
J. Hössl,False,True
J. Torres,False,True
J. Zálešâk,False,True
J.J. Hernandez,False,True
Jacques Pinaton,False,True
James N. Sturgis,False,True
"James, C. W.",False,True
Jan Funke,False,True
Jarkko Kari,False,True
Jason Garfinkel,False,True
Jay Morgan,False,True
Jazmín Espinosa-Rivero,False,True
Jean Aboudarham,False,True
Jean Bigeon,False,True
Jean Charpentier,False,True
Jean Zoungrana,False,True
Jean-Louis Moyen,False,True
Jean-Marc Boucher,False,True
Jean-Marc Mercantini,False,True
Jean-Marie Chevalier,False,True
Jean-Marie Gorce,False,True
Jean-Raphael Richa,False,True
Jean‐Charles Lambert,False,True
Jean‐Claude Deharo,False,True
Jean‐Fabrice Lebraty,False,True
Jean‐Jacques Grob,False,True
Jenefa Begum,False,True
Jeny Jacob,False,True
Jessie Pallud,False,True
Jesús Angulo,False,True
Jeànette A. Thomas,False,True
Jia Yuan,False,True
Jianping Zuo,False,True
Jihad Hamie,False,True
Jin-Wen Xu,False,True
Jinen Daghrir,False,True
Jing Liu,False,True
"Jisse-Jung, B.",False,True
Joan Ramon Soler,False,True
Johannes Heinecke,False,True
Joseph Mariani,False,True
José L. García-Cordero,False,True
Jules Collenne,False,True
Julia Dvorak,False,True
Julie Parreaux,False,True
Julie Van de Vyver,False,True
Julien Alexandre Dit Sandretto,False,True
Julien Gondin,False,True
Julien Lefèvre,False,True
Julien Muller,False,True
Jun Wang,False,True
Jung Jean-Luc,False,True
Junqi Huang,False,True
Jérémie Boulanger,False,True
K. Verzhanska,False,True
KABIENA KABASELE Emmanuel,False,True
KANDA KABAMBA Isaac,False,True
KENA MULUMBA Clovis,False,True
"Kadler, M.",False,True
"Kalekin, O.",False,True
Kamil Bentounes,False,True
Kathleen E. Van Manen-Brush,False,True
Katia Lobre‐Lebraty,False,True
Katie McDole,False,True
"Katz, U.",False,True
Kenneth A. Myers,False,True
"Khayati, N. El",False,True
Klaus-Tycho Foerster,False,True
Kods Trabelsi,False,True
"Kouchner, A.",False,True
"Kreykenbohm, I.",False,True
"Kulikovskiy, V.",False,True
L. Varani,False,True
LI Shou-lin,False,True
LOWEMBO A TSHOTSHO Raymond-Albert,False,True
Lahcen Tamym,False,True
"Lahmann, R.",False,True
"Lamoureux, M.",False,True
Lara Kallab,False,True
Laura Geneste,False,True
Laure Berti‐Équille,False,True
"Lefèvre, D.",False,True
Lei-Miao Yin,False,True
Leo F. Epstein,False,True
Leonardo S. Cardoso,False,True
"Leonora, E.",False,True
"Levi, G.",False,True
Leïla Hayet Mouss,False,True
Li Guan,False,True
Lina M. Rojas-Barahona,False,True
Lingbo Cao,False,True
Lionel Naccache,False,True
Lionel Velly,False,True
Liu Wei,False,True
"Lopez-Coto, D.",False,True
Lorraine Brisacier‐Porchon,False,True
Lotfi Tlig,False,True
"Loucatos, S.",False,True
Louis Puybasset,False,True
Louis Wiart,False,True
Loïza A. Rauzduel,False,True
Luca Aceto,False,True
Luciano A. Abriata,False,True
Luciano Freitas de Souza,False,True
Luis Guayacán,False,True
Léo Guignard,False,True
Léo Jacqmin,False,True
Lü Jin,False,True
M Urbano,False,True
M. Brescia,False,True
M. Dimitrova,False,True
M. Farza,False,True
M. M’Saad,False,True
M. Py,False,True
M. Serdi,False,True
M.-M. Mohamed-Ahmed,False,True
MUKENDI MALUNDA Cedrick,False,True
"Maderer, L.",False,True
"Maes, Eliot",False,True
Magali Roger,False,True
Maher Chaabene,False,True
Majedaldein Almahasneh,False,True
"Manczak, J.",False,True
Manoj Changat,False,True
Mao Luo,False,True
Marc A. Pinto,False,True
Marc Neveu,False,True
"Marcelin, M.",False,True
Marco Montalva-Medel,False,True
Marco Pettini,False,True
"Margiotta, A.",False,True
Marianne Ilbert,False,True
Marie-Emmanuelle Plagnol-Diéval,False,True
Marie-Julie CATOIR-BRISSON,False,True
Marie-Thérèse Giudici-Orticoni,False,True
Marie‐Christine Brault,False,True
"Marinelli, A.",False,True
Mario E. Lacouture,False,True
Marta Colomer Molla,False,True
Martín Ríos-Wilson,False,True
"Martínez-Mora, J. A.",False,True
Massimiliano Lincetto,False,True
Massimo La Scala,False,True
Mathias Lechelon,False,True
Mathias Ruggaard Pedersen,False,True
Mathieu Pouliquen,False,True
Mathieu Roget,False,True
Matteo Gori,False,True
Matthieu Ariza,False,True
Meghan E. Gray,False,True
Mehdi Zadem,False,True
"Melis, K.",False,True
Melissa P. Murray,False,True
Melissa Pulitzer,False,True
Mesut Gun,False,True
Michael A. Hough,False,True
Michael C. Frank,False,True
Michael Kokkolaras,False,True
Michael Schnoor,False,True
Michel Combal,False,True
Michel Durampart,False,True
Michel Juge,False,True
Mieke Van Houtte,False,True
Miguel Vicente‐Manzanares,False,True
Mihail Asăvoae,False,True
Mila Tukumuli,False,True
Miloud Frikel,False,True
Miquel Alfaras,False,True
Mira Lefkir,False,True
Mirza Ahad Baig,False,True
Moez Bouchouicha,False,True
Mohamed Ali Cherni,False,True
Mohamed Cherkaoui,False,True
Mohamed Tlig,False,True
Mohammad Amin Yazdani,False,True
Mohammad Mohammadi Roozbehani,False,True
Mohammad R. Khosravi,False,True
Mohammed Al-Kharaz,False,True
Mohammed Alhasheem,False,True
Mohammed Hafsati,False,True
Mohand Djeziri,False,True
Momar Diouf,False,True
Mona Sadik,False,True
Monique Bernard,False,True
Mouad Benrebaia,False,True
Mouhamed-Amine Boutiche,False,True
Mounir Sayadi,False,True
"Moursli, R. Cherkaoui El",False,True
Moussa Labbadi,False,True
Moustapha Ouladsine,False,True
Muhammad Idham Habibie,False,True
Mustapha Ouladsine,False,True
N. Aunai,False,True
N. Lhote,False,True
N. Litaiem,False,True
Nacim Belkhir,False,True
Nafis Rezwan Khan Chowdhury,False,True
Nagaraj Balasubramanian,False,True
Naomi H. Feldman,False,True
Narcís Avellana,False,True
Nassima Mebarki,False,True
Natasha Buwa,False,True
Nathanaël Fijalkow,False,True
Nathaniel L. Lartey,False,True
Neta Rozen Schiff,False,True
Nico Djundharto Djajasinga,False,True
Nicolas Bruder,False,True
Nicolas Quero,False,True
Nicusor Iftimia,False,True
Nina Vlachkova,False,True
Ninan Blackburn,False,True
Noël Novelli,False,True
Nuno Loureiro,False,True
O Raitiere,False,True
Oana Stan,False,True
Olivier Coulon,False,True
Olivier Géhan,False,True
Olivier Palais,False,True
Olivier Thuillas,False,True
Omar Hernández‐González,False,True
Orestes López‐Ortega,False,True
Ouafae Karmouda,False,True
Oudomsack Pierre Pasquero,False,True
P. Arnaud,False,True
P. B. Hirsch,False,True
P. Kalaczyński,False,True
Pablo Arrighi,False,True
Pascal Gay,False,True
Pascal Mestre,False,True
Paul de Jong,False,True
Pedro Montealegre,False,True
Peter Mitrouchev,False,True
Petr Kuznetsov,False,True
Philip Tchatchoua,False,True
Philipp Keller,False,True
Philippe Bouquillion,False,True
Philippe Fournier‐Viger,False,True
Philippe Leone,False,True
Pierre Chiron,False,True
Pierre Ferrier,False,True
Pierre Guignant,False,True
Pierre Siegel,False,True
Pierre Simeone,False,True
Pierre-Michel Riccio,False,True
Prasetya Cahya S,False,True
Preud’homme Axel,False,True
Qi Meng,False,True
R. Buompane,False,True
R. P. Breton,False,True
R. Smets,False,True
R. Tapia Sanshez,False,True
R. Wanke,False,True
R.A. Swief,False,True
Rachid Benkiniouar,False,True
Ramazan Erenler,False,True
Raphaël Dapzol,False,True
Renaud Sirdey,False,True
Riccardo Treglia,False,True
Richard Chbeir,False,True
Richard G. Baraniuk,False,True
Rim Abrougui,False,True
Rimeh Daoudi,False,True
Rivaldhy N. Muhammad,False,True
Roberto Rodriguez‐Moncayo,False,True
Romain Couderc,False,True
Romain Raffin,False,True
Roman Zahariev,False,True
Rufei Lin,False,True
"Ruiz, R. Gracia",False,True
Régis Meissonier,False,True
Rémy Boyer,False,True
Rıfat GÜNDAY,False,True
S. Bensaid,False,True
S. Cavuoti,False,True
S. Krishna,False,True
S. Lezki,False,True
S. Mangano,False,True
S. Molinari,False,True
S. Ruffenach,False,True
S. Żukowski,False,True
Sabri Allani,False,True
Saeed Hasanzadeh,False,True
Salah Ait Mokhtar,False,True
Salah Eddine Bahji,False,True
Salima Lamsiyah,False,True
Salva Ardid,False,True
Sam Horrell,False,True
Samia Mellah,False,True
Samir Benmoussa,False,True
Samuel R. Weaver,False,True
Sandrine Anthoine,False,True
Sandrine Lanquetin,False,True
Sao Mai Nguyen,False,True
Sara Boutouhami,False,True
Sara Tucci-Piergiovanni,False,True
Sarano François,False,True
Sarano Marion,False,True
Saïd Ouatik El Alaoui,False,True
Saïd Safi,False,True
Sean X. Sun,False,True
Selma Azaiez,False,True
Sergio Mover,False,True
Sharon Goldwater,False,True
Sherin M. Moussa,False,True
Shuchen Liu,False,True
Shuolin Li,False,True
Siti Elda Hiererra,False,True
Snejhana Kostova,False,True
Snezhana Kostova,False,True
Song Solène,False,True
Souad Ameddah,False,True
Stefan Schmid,False,True
Stephan Preibisch,False,True
"Stum, S. Le",False,True
Stéphane Ballet,False,True
Stéphane Delliaux,False,True
Stéphane Louise,False,True
Sugeng Riyanto,False,True
Sylvain Takerkart,False,True
Sylvestre Maréchaux,False,True
Sylvie Putot,False,True
Sébastien Mailfert,False,True
Sébastien Montella,False,True
Tadeo Moreno Chicano,False,True
Tanio K. Tanev,False,True
Taoufik Yeferny,False,True
Tarak Arbi,False,True
Thibaut Louis,False,True
Thien Nhan Chau,False,True
Thijs van Eeden,False,True
Thomas Andrillon,False,True
Timothée Corsini,False,True
Tiziano Dalmonte,False,True
Tomas Ménard,False,True
Tsvete Yaneva,False,True
Ucalene Harris,False,True
Ugo Comignani,False,True
Ugo de’ Liguoro,False,True
V. Dave,False,True
Valentin Gilbert,False,True
Valentine Battisti,False,True
Vanessa Bastid,False,True
Vassilina Nikoulina,False,True
Victor Deng,False,True
Viet-Ha Nguyen,False,True
Vincent Martin,False,True
Vincent Perlbarg,False,True
Vincent Risch,False,True
Violina Markova,False,True
Vipul Jain,False,True
Vitry Hugues,False,True
Wanqiong Wang,False,True
Wanyu Zhao,False,True
Wassim Khoder,False,True
Weida Ren,False,True
Wen-Chao Tang,False,True
William C. Lemon,False,True
Xavier Parent,False,True
Xinyun Wu,False,True
YENDE RAPHAEL Grevisse,False,True
Yann Hello,False,True
Yann Le Page,False,True
Yannick Carissan,False,True
Yaxing Zhang,False,True
Yeny Serrano,False,True
Yevgen Matusevych,False,True
Yi Mei,False,True
Yinan Wan,False,True
Yizeng Li,False,True
Yoann Meriguet,False,True
Yohann Bohbot,False,True
Youssef Trardi,False,True
Youssouf Diaf,False,True
Yuan Sang,False,True
Yuan‐Na Lin,False,True
Yufei Hu,False,True
Yufeng Lian,False,True
Zaki T. Fayed,False,True
Zeren Zhang,False,True
Zhangshuai Dai,False,True
Zhegong Shangguan,False,True
Zheng Chen,False,True
Zhigen Nie,False,True
Zhipeng Lv,False,True
Zhiying Lv,False,True
Zhou Lequan,False,True
Zili Li,False,True
Zouhair Haddi,False,True
"de Jong, M.",False,True
"de Jong, P.",False,True
"de Wasseige, G.",False,True
"van Eeden, T.",False,True
"van Eijk, D.",False,True
"van Haren, H.",False,True
É. Bayen,False,True
Élisa Wrembel,False,True
Émilie Pecchi,False,True
Миглена Симонска,False,True
