auteur,orcid,dans_HAL,dans_OpenAlex,methode
A. Albert,,True,True,nom
A. Capone,,True,True,nom
A. Coleiro,,True,True,nom
A. Creusot,,True,True,nom
A. Diaz,,True,True,nom
A. Domi,,True,True,nom
A. Enzenhöfer,,True,True,nom
A. Kappes,,True,True,nom
A. Kouchner,,True,True,nom
A. Margiotta,,True,True,nom
A. Marinelli,,True,True,nom
A. Moussa,,True,True,nom
A.F. Díaz,,True,True,nom
A.J. Heijboer,,True,True,nom
Abdelhamid Rabhi,,True,True,nom
Abdellah Fourtassi,,True,True,nom
Abdellatif Moudafi,,True,True,nom
Adeline Paiement,,True,True,nom
Adrian Francalanza,,True,True,nom
Adrian-Gabriel Chifu,,True,True,nom
Adrien Varet,,True,True,nom
Afef Cherni,,True,True,nom
Alain Pochat,,True,True,nom
Alba Martinez Anton,,True,True,nom
Alessia Milani,,True,True,nom
Alexandra Bac,,True,True,nom
Alexandre Rapetti,,True,True,nom
Alexis Jeandet,,True,True,nom
Alexis Nasr,,True,True,nom
Amélia Durbec,,True,True,nom
Andrei Bursuc,,True,True,nom
Antoine Laurent,,True,True,nom
Antonella del Pozzo,,True,True,nom
Arnaud Durand,,True,True,nom
Arnaud Gaillard,,True,True,nom
Arnaud Labourel,,True,True,nom
Arun Kumar Das,,True,True,nom
Audrey Minghelli,,True,True,nom
Augustin C. Ogier,,True,True,nom
Aurélien Arnaubec,,True,True,nom
Axel Haddad,,True,True,nom
Aziz Naamane,,True,True,nom
B. Baret,,True,True,nom
B. Belhorma,,True,True,nom
B. Caiffi,,True,True,nom
B. Jisse-Jung,,True,True,nom
B. Martino,,True,True,nom
Basile Couëtoux,,True,True,nom
Bastien Mérigot,,True,True,nom
Bastien Rivier,,True,True,nom
Belaid Benhamou,,True,True,nom
Benjamin Deneu,,True,True,nom
Benjamin Monmege,,True,True,nom
Benoit Favre,,True,True,nom
Bernard Espinasse,,True,True,nom
Bin Liang,,True,True,nom
Bruno Pradines,,True,True,nom
Bénédicte Madon,,True,True,nom
C. Distefano,,True,True,nom
C. Donzaud,,True,True,nom
C. Guidi,,True,True,nom
C. Pellegrino,,True,True,nom
Cecile Capponi,,True,True,nom
Chloé Clavel,,True,True,nom
Christiane Weber,,True,True,nom
Christophe Benzitoun,,True,True,nom
Christophe Bérenguer,,True,True,nom
Christophe Delacourt,,True,True,nom
Christophe Lett,,True,True,nom
Christopher Cieri,,True,True,nom
Chu-Min Li,,True,True,nom
Claire Dune,,True,True,nom
Clara Bertolissi,,True,True,nom
Clément Rambaud,,True,True,nom
Cornel Ioana,,True,True,nom
Cristèle Chevalier,,True,True,nom
Cyril Terrioux,,True,True,nom
Cécile H. Albert,,True,True,nom
Cédric de Lacroix,,True,True,nom
D. Calvo,,True,True,nom
D. Dornic,,True,True,nom
D. Drouhin,,True,True,nom
D. Lefèvre,,True,True,nom
D. Lopez-Coto,,True,True,nom
D. van Eijk,,True,True,nom
Damien Imbs,,True,True,nom
Damien Regnault,,True,True,nom
Daniel Hissel,,True,True,nom
David Bendahan,,True,True,nom
David Brie,,True,True,nom
David Sheeren,,True,True,nom
Denis Apothéloz,,True,True,nom
Denis Hagebaum-Reignier,,True,True,nom
Diana Nurbakova,,True,True,nom
Dimitri Lefebvre,,True,True,nom
Djamal Habet,,True,True,nom
Djamal Merad,,True,True,nom
Dominique Willems,,True,True,nom
Dongdong Zhao,,True,True,nom
E. Leonora,,True,True,nom
Edouard Thiel,,True,True,nom
Ehsan Heydarian-Forushani,,True,True,nom
Eleonore Meheust,,True,True,nom
Eliot Maës,,True,True,nom
Elisabeth Murisasco,,True,True,nom
Elisabeth Sola,,True,True,nom
Elise Mathurin,,True,True,nom
Emmanuel Bruno,,True,True,nom
Emmanuelle Salin,,True,True,nom
Emmanuelle Vaudour,,True,True,nom
Engel Lefaucheux,,True,True,nom
Eric Busvelle,,True,True,nom
Eric Menut,,True,True,nom
Eric SanJuan,,True,True,nom
Etienne Thoret,,True,True,nom
Evelyne Lombardo,,True,True,nom
F. Benfenati,,True,True,nom
F. Bruce Shepherd,,True,True,nom
F. Filippini,,True,True,nom
F. Huang,,True,True,nom
Fabienne Delfour,,True,True,nom
Fabrice Debbasch,,True,True,nom
Fatima Benbouzid Si Tayeb,,True,True,nom
Felip Manyà,,True,True,nom
Florian Beguet,,True,True,nom
Florian Saby,,True,True,nom
Francesca Chittaro,,True,True,nom
Francesco Gavazzo,,True,True,nom
Franck Dary,,True,True,nom
Franck Jaotombo,,True,True,nom
Franck Malige,,True,True,nom
François Hamonic,,True,True,nom
François Steinmetz,,True,True,nom
François-Xavier Dupé,,True,True,nom
Frédéric Bouchara,,True,True,nom
Frédéric Béchet,,True,True,nom
Frédéric Havet,,True,True,nom
G. Anton,,True,True,nom
G. Ferrara,,True,True,nom
G. Illuminati,,True,True,nom
G. Levi,,True,True,nom
G. de Wasseige,,True,True,nom
Gadi Taubenfeld,,True,True,nom
Gerard Martín,,True,True,nom
Gianni Franchi,,True,True,nom
Gilles Barthe,,True,True,nom
Gilles Corminboeuf,,True,True,nom
Gilles Pesant,,True,True,nom
Gisela Giardino,,True,True,nom
Giuseppe Di Molfetta,,True,True,nom
Goutam Majumder,,True,True,nom
Guilherme D. da Fonseca,,True,True,nom
Guyslain Naves,,True,True,nom
Géraldine Damnati,,True,True,nom
H. Brânzas,,True,True,nom
H. Glotin,,True,True,nom
H. van Haren,,True,True,nom
Habib Nasser,,True,True,nom
Hachem Kadri,,True,True,nom
Hafiz Ahmed,,True,True,nom
Hanqing Wang,,True,True,nom
Hasan Komurcugil,,True,True,nom
Henning Müller,,True,True,nom
Henri-José Deulofeu,,True,True,nom
Henry Xia,,True,True,nom
Heribert Vollmer,,True,True,nom
Hervé Glotin,,True,True,nom
Hervé Goëau,,True,True,nom
Hervé Hocquard,,True,True,nom
Hervé Tissot-Dupont,,True,True,nom
Hitoshi Isahara,,True,True,nom
Holger Klinck,,True,True,nom
Hung Phuoc Truong,,True,True,nom
Hélène Mazo,,True,True,nom
Hélène Peltier,,True,True,nom
I. Di Palma,,True,True,nom
I. Kreykenbohm,,True,True,nom
Ignacio García-Marco,,True,True,nom
Imen Khettabi,,True,True,nom
Ioana Ivan,,True,True,nom
Irina Ovchinnikova,,True,True,nom
Isabel Demongodin,,True,True,nom
Isabelle Bolon,,True,True,nom
Isabelle Régner,,True,True,nom
Ismail Badache,,True,True,nom
Ismaël Jecker,,True,True,nom
Ivan Eggel,,True,True,nom
J. Aublin,,True,True,nom
J. Boumaaza,,True,True,nom
J. Brunner,,True,True,nom
J. Busto,,True,True,nom
J. Carr,,True,True,nom
J. Hofestädt,,True,True,nom
J. Hößl,,True,True,nom
J. Manczak,,True,True,nom
J. Wilms,,True,True,nom
J.-J. Aubert,,True,True,nom
J.A. Martínez-Mora,,True,True,nom
Jaap Kamps,,True,True,nom
Jacques Descloitres,,True,True,nom
Jan Odijk,,True,True,nom
Jasmine Xuereb,,True,True,nom
Jean-Baptiste Feret,,True,True,nom
Jean-Luc Damoiseaux,,True,True,nom
Jean-Marie Pergandi,,True,True,nom
Jean-Philippe Pernot,,True,True,nom
Jennifer Muscato,,True,True,nom
Jesús Giráldez-Cru,,True,True,nom
Jilliana Monnier,,True,True,nom
Joachim Schöpfel,,True,True,nom
Johannes Heinecke,,True,True,nom
Jonathan Grainger,,True,True,nom
Jordi Coll,,True,True,nom
Josep Suy,,True,True,nom
Joseph Mariani,,True,True,nom
Julien Diperi,,True,True,nom
Julien Zylberman,,True,True,nom
Justine Girardet,,True,True,nom
Jérôme Spitz,,True,True,nom
K. Graf,,True,True,nom
K. Melis,,True,True,nom
Kamel Soudani,,True,True,nom
Karima El Qate,,True,True,nom
Karine Adeline,,True,True,nom
Karoliina Lehtinen,,True,True,nom
Karolina Okrasa,,True,True,nom
Kevissen Sellapillay,,True,True,nom
Khalid Choukri,,True,True,nom
Kolja Knauer,,True,True,nom
Konstantin Usevich,,True,True,nom
Krystel Pochat,,True,True,nom
Kun He,,True,True,nom
Kunihiko Hiraishi,,True,True,nom
Kévin Perrot,,True,True,nom
L. Caramete,,True,True,nom
L. Fusco,,True,True,nom
L. Jorda,,True,True,nom
L. Maderer,,True,True,nom
L. Nauta,,True,True,nom
Laure Berti-Équille,,True,True,nom
Laurent Astart,,True,True,nom
Laurent Besacier,,True,True,nom
Laurent Prevot,,True,True,nom
Leonardo Brenner,,True,True,nom
Leonor Becerra,,True,True,nom
Liang Guo,,True,True,nom
Line Jakubiec-Jamet,,True,True,nom
Lionel Almeras,,True,True,nom
Liva Ralaivola,,True,True,nom
Loic Darrieumerlou,,True,True,nom
Loïc Crombez,,True,True,nom
Loïc Paulevé,,True,True,nom
Luc Libralesso,,True,True,nom
Luce Lefeuvre,,True,True,nom
Lyes Benyoucef,,True,True,nom
Léo Berline,,True,True,nom
Léo Exibard,,True,True,nom
M. André,,True,True,nom
M. Anghinolfi,,True,True,nom
M. Ardid,,True,True,nom
M. Bendahman,,True,True,nom
M. Bissinger,,True,True,nom
M. Bouta,,True,True,nom
M. Chabab,,True,True,nom
M. Circella,,True,True,nom
M. Kadler,,True,True,nom
M. Lincetto,,True,True,nom
M. Marcelin,,True,True,nom
M. de Jong,,True,True,nom
M.C. Bouwhuis,,True,True,nom
Magalie Ochs,,True,True,nom
Mahdi Abbasi,,True,True,nom
Malik Chami,,True,True,nom
Manfeng Dou,,True,True,nom
Manon Philibert,,True,True,nom
Manu Jain,,True,True,nom
Marc Brachet,,True,True,nom
Marc Garcia,,True,True,nom
Marc-Emmanuel Bellemare,,True,True,nom
Marek Hrúz,,True,True,nom
Marie-José Béguelin,,True,True,nom
Marjorie Armando,,True,True,nom
Martin Zimmermann,,True,True,nom
Martin-Pierre Schmidt,,True,True,nom
Mateu Villaret,,True,True,nom
Mathilde Noual,,True,True,nom
Matthieu Million,,True,True,nom
Maxence Ferrari,,True,True,nom
Maxime Hauray,,True,True,nom
Maxime Petit,,True,True,nom
Maximilien Servajean,,True,True,nom
Meriem Touat,,True,True,nom
Michał Pilipczuk,,True,True,nom
Michel Raynal,,True,True,nom
Milan Šulc,,True,True,nom
Miquel Bofill,,True,True,nom
Mitja Nikolaus,,True,True,nom
Mohamed Amine Boutiche,,True,True,nom
Mohamed Benbouzid,,True,True,nom
Mohamed Djemai,,True,True,nom
Mohamed Sami Cherif,,True,True,nom
Mohamed Zerrougui,,True,True,nom
N. El Khayati,,True,True,nom
N. Randazzo,,True,True,nom
N.R. Khan-Chowdhury,,True,True,nom
Nadia Creignou,,True,True,nom
Nadège Thirion-Moreau,,True,True,nom
Nathan Chometton,,True,True,nom
Nathan Guyot,,True,True,nom
Nathan Lhote,,True,True,nom
Nicola Olivetti,,True,True,nom
Nicola Zannone,,True,True,nom
Nicolas Benoit,,True,True,nom
Nicolas Hervé,,True,True,nom
Nicolas Poinsu,,True,True,nom
Nicolas Prcovic,,True,True,nom
Nicolas Thellier,,True,True,nom
Nicolas Thouvenel,,True,True,nom
Nicoletta Calzolari,,True,True,nom
Noël Novelli,,True,True,nom
Núria Gala,,True,True,nom
O. Kalekin,,True,True,nom
Odile Papini,,True,True,nom
Oihab Allal-Chérif,,True,True,nom
Olivier Adam,,True,True,nom
Olivier Van Canneyt,,True,True,nom
Omar Boucelma,,True,True,nom
Oscar Defrain,,True,True,nom
P. Coyle,,True,True,nom
P. Fermani,,True,True,nom
P. Gay,,True,True,nom
P. Migliozzi,,True,True,nom
P. Piattelli,,True,True,nom
P. de Jong,,True,True,nom
Pablo Arrighi,,True,True,nom
Partha Pakray,,True,True,nom
Pascal Préa,,True,True,nom
Pascale Giraudet,,True,True,nom
Patrice Bellot,,True,True,nom
Patrick Totzke,,True,True,nom
Paul Best,,True,True,nom
Paul Villoutreix,,True,True,nom
Petru Valicov,,True,True,nom
Philip Deegan,,True,True,nom
Philippe Blache,,True,True,nom
Pierre Bonnet,,True,True,nom
Pierre Garreau,,True,True,nom
Pierre-Alain Duc,,True,True,nom
Pierre-Alain Reynier,,True,True,nom
Quiterie Sourget,,True,True,nom
R. Bruijn,,True,True,nom
R. Caruso,,True,True,nom
R. Cherkaoui El Moursli,,True,True,nom
R. Coniglione,,True,True,nom
R. Gozzini,,True,True,nom
R. Gracia Ruiz,,True,True,nom
R. Lahmann,,True,True,nom
R. Le Breton,,True,True,nom
R. Muller,,True,True,nom
Rabah Iguernaissi,,True,True,nom
Rachid Outbib,,True,True,nom
Radia Hannachi,,True,True,nom
Rahul Arya,,True,True,nom
Raida Ktari,,True,True,nom
Ramzi Guetari,,True,True,nom
Raphaëlle Crubillé,,True,True,nom
René Heuzey,,True,True,nom
Riikka Huusari,,True,True,nom
Rim Abrougui,,True,True,nom
Rita Hijazi,,True,True,nom
Robert Planqué,,True,True,nom
Robin Roche,,True,True,nom
Roland Redon,,True,True,nom
Romain Chayla,,True,True,nom
Romain Testud,,True,True,nom
Roxane Bertrand,,True,True,nom
S Takerkart,,True,True,nom
S. Alves,,True,True,nom
S. Ardid,,True,True,nom
S. Basa,,True,True,nom
S. Biagi,,True,True,nom
S. Celli,,True,True,nom
S. Hallmann,,True,True,nom
S. Lestum,,True,True,nom
S. Loucatos,,True,True,nom
S. Molina,,True,True,nom
S.J. Tingay,,True,True,nom
Salomon Sickert,,True,True,nom
Samet Biricik,,True,True,nom
Samuel Granjeaud,,True,True,nom
Sana Sellami,,True,True,nom
Sandip Das,,True,True,nom
Sandra Luque,,True,True,nom
Sandrine Anthoine,,True,True,nom
Sara Goggi,,True,True,nom
Sarah Bali,,True,True,nom
Sebastian Miron,,True,True,nom
Seifeddine Ben Elghali,,True,True,nom
Shibashis Guha,,True,True,nom
Sijie Hu,,True,True,nom
Sivaji Bandyopadhyay,,True,True,nom
Sophie Fabre,,True,True,nom
Sophie Viseur,,True,True,nom
Soufyane Benzaouia,,True,True,nom
Sougata Bose,,True,True,nom
Stelios Piperidis,,True,True,nom
Stephane Dufau,,True,True,nom
Steve Kremer,,True,True,nom
Stéphane Ayache,,True,True,nom
Stéphane Grandcolas,,True,True,nom
Stéphane Huet,,True,True,nom
Stéphane Mounier,,True,True,nom
Sunil Arya,,True,True,nom
Sven Schewe,,True,True,nom
Sylvain Sené,,True,True,nom
Sylvain Soliman,,True,True,nom
Sébastien Fournier,,True,True,nom
Sébastien Migeon,,True,True,nom
Sébastien Paris,,True,True,nom
Sílvia Araújo,,True,True,nom
T. Chiarusi,,True,True,nom
T. Eberl,,True,True,nom
T. van Eeden,,True,True,nom
Thanh Phuong Nguyen,,True,True,nom
Thanh Tuan Nguyen,,True,True,nom
Thanh-Hai Tran,,True,True,nom
Thibault Payet,,True,True,nom
Thierry Artières,,True,True,nom
Thierry Declerck,,True,True,nom
Thomas Colcombet,,True,True,nom
Thomas Rimaud,,True,True,nom
Tom Denton,,True,True,nom
Touria Bajjouk,,True,True,nom
U. Katz,,True,True,nom
Udi Boker,,True,True,nom
Ugo Dal Lago,,True,True,nom
V. Bertin,,True,True,nom
V. Carretero,,True,True,nom
V. Kulikovskiy,,True,True,nom
Valentin Emiya,,True,True,nom
Valentin Pelloin,,True,True,nom
Van-Giang Trinh,,True,True,nom
Victor Chepoi,,True,True,nom
Victor Lutfalla,,True,True,nom
Vikrant Rajput,,True,True,nom
Vincent Hugel,,True,True,nom
Vivek Kulkarni,,True,True,nom
Véronique Sarano,,True,True,nom
Wafa Nafkha-Tayari,,True,True,nom
Wassim Ahmed-Belkacem,,True,True,nom
Wided Lejouad Chaari,,True,True,nom
Willem-Pier Vellinga,,True,True,nom
Willy Dabin,,True,True,nom
Witold Podlejski,,True,True,nom
Xavier Briottet,,True,True,nom
Xavier Luciani,,True,True,nom
Xianghua Xie,,True,True,nom
Xuanlong Yu,,True,True,nom
Y. Gatelet,,True,True,nom
Y. Hello,,True,True,nom
Yan Gerard,,True,True,nom
Yann Vaxès,,True,True,nom
Yannick Carissan,,True,True,nom
Yannick Deville,,True,True,nom
Yassine Boukal,,True,True,nom
Yassine Guermazi,,True,True,nom
Yassine Zniyed,,True,True,nom
Yong-Guk Kim,,True,True,nom
Zacharie Aoulad,,True,True,nom
Zhenxing Xu,,True,True,nom
Zhongliang Li,,True,True,nom
Łukasz Bożyk,,True,True,nom
A. Almela,,True,False,nom
A. Bakalova,,True,False,nom
A. Balaceanu,,True,False,nom
A. Barbano,,True,False,nom
A. Bueno,,True,False,nom
A. Burgman,,True,False,nom
A. Castellina,,True,False,nom
A. Choux,,True,False,nom
A. Coleman,,True,False,nom
A. Condorelli,,True,False,nom
A. Desai,,True,False,nom
A. Di Matteo,,True,False,nom
A. Enzenhoefer,,True,False,nom
A. Etchegoyen,,True,False,nom
A. Fedynitch,,True,False,nom
A. Filipčič,,True,False,nom
A. Franckowiak,,True,False,nom
A. Fritz,,True,False,nom
A. Fuster,,True,False,nom
A. Garcia,,True,False,nom
A. Ghadimi,,True,False,nom
A. Gherghel-Lascu,,True,False,nom
A. Gorgi,,True,False,nom
A. Hallgren,,True,False,nom
A. Haungs,,True,False,nom
A. Insolia,,True,False,nom
A. Ishihara,,True,False,nom
A. Iwasaki,,True,False,nom
A. Karle,,True,False,nom
A. Khakurdikar,,True,False,nom
A. Kheirandish,,True,False,nom
A. Kääpä,,True,False,nom
A. Leszczyńska,,True,False,nom
A. Letessier-Selvon,,True,False,nom
A. Ludwig,,True,False,nom
A. Machado Payeras,,True,False,nom
A. Medina,,True,False,nom
A. Menshikov,,True,False,nom
A. Nakazawa,,True,False,nom
A. Nasr-Esfahani,,True,False,nom
A. Nucita,,True,False,nom
A. Obertacke Pollmann,,True,False,nom
A. Olivas,,True,False,nom
A. Oshima,,True,False,nom
A. Parra,,True,False,nom
A. Paun,,True,False,nom
A. Pizzuto,,True,False,nom
A. Porcelli,,True,False,nom
A. Puyleart,,True,False,nom
A. Raissi,,True,False,nom
A. Rehman,,True,False,nom
A. Romanov,,True,False,nom
A. Saftoiu,,True,False,nom
A. Sandrock,,True,False,nom
A. Schneider,,True,False,nom
A. Segreto,,True,False,nom
A. Sharma,,True,False,nom
A. Steuer,,True,False,nom
A. Streich,,True,False,nom
A. Sánchez-Losa,,True,False,nom
A. Taketa,,True,False,nom
A. Tapia,,True,False,nom
A. Travaini,,True,False,nom
A. Trettin,,True,False,nom
A. Turcati,,True,False,nom
A. Vásquez-Ramírez,,True,False,nom
A. Weindl,,True,False,nom
A. Yushkov,,True,False,nom
A. Zegarelli,,True,False,nom
A. del Popolo,,True,False,nom
A.A. Alves,,True,False,nom
A.A. Harnisch,,True,False,nom
A.A. Watson,,True,False,nom
A.C. Cobos Cerutti,,True,False,nom
A.C. Fauth,,True,False,nom
A.C. Rovero,,True,False,nom
A.D. Supanitsky,,True,False,nom
A.G. Mariazzi,,True,False,nom
A.J. Muñoz-Vázquez,,True,False,nom
A.L. Garcia Vegas,,True,False,nom
A.L. Müller,,True,False,nom
A.M. Badescu,,True,False,nom
A.M. Botti,,True,False,nom
A.R. Fazely,,True,False,nom
A.T. Fienberg,,True,False,nom
Adaeze Adigwe,,True,False,nom
Afra Alishahi,,True,False,nom
Ahmed Elgharib,,True,False,nom
Ahmed Mabrouk,,True,False,nom
Ahmed Samet,,True,False,nom
Alberto D. Verga,,True,False,nom
Alexandre Cornier,,True,False,nom
Alexandre Marin,,True,False,nom
Allan Halpern,,True,False,nom
Alon Scope,,True,False,nom
Amanda Navine,,True,False,nom
Amine Zeguendry,,True,False,nom
Andrew Durso,,True,False,nom
Andrzej Pelc,,True,False,nom
Armel Bonneron,,True,False,nom
Arthur Kuehn,,True,False,nom
Axel Bonnet,,True,False,nom
Axel Journe,,True,False,nom
Axel Preud’homme,,True,False,nom
Ayoub Charef,,True,False,nom
B. Andrada,,True,False,nom
B. Bastian,,True,False,nom
B. Brinson,,True,False,nom
B. Fick,,True,False,nom
B. García,,True,False,nom
B. Hokanson-Fasig,,True,False,nom
B. Keilhauer,,True,False,nom
B. Lubsandorzhiev,,True,False,nom
B. Oeyen,,True,False,nom
B. Pont,,True,False,nom
B. Pries,,True,False,nom
B. Riedel,,True,False,nom
B. Skrzypek,,True,False,nom
B. Smithers,,True,False,nom
B. Tomé,,True,False,nom
B. Ty,,True,False,nom
B. Vallage,,True,False,nom
B. Wundheiler,,True,False,nom
B.A. Clark,,True,False,nom
B.C. Manning,,True,False,nom
B.G. Cheon,,True,False,nom
B.J.P. Jones,,True,False,nom
B.K. Shin,,True,False,nom
B.L. Lago,,True,False,nom
B.R. Dawson,,True,False,nom
B.T. Stokes,,True,False,nom
B.Ó. Fearraigh,,True,False,nom
Baptiste Bauvin,,True,False,nom
Bente Maegaard,,True,False,nom
Björn Lellmann,,True,False,nom
Boris Lonjon,,True,False,nom
Brahmteg Minhas,,True,False,nom
C. Alispach,,True,False,nom
C. Aramo,,True,False,nom
C. Argüelles,,True,False,nom
C. Bellenghi,,True,False,nom
C. Berat,,True,False,nom
C. Bleve,,True,False,nom
C. Bonifazi,,True,False,nom
C. Chen,,True,False,nom
C. Dappen,,True,False,nom
C. Dobrigkeit,,True,False,nom
C. Finley,,True,False,nom
C. Galea,,True,False,nom
C. Galelli,,True,False,nom
C. Glaser,,True,False,nom
C. Günther,,True,False,nom
C. Haack,,True,False,nom
C. Hill,,True,False,nom
C. Hojvat,,True,False,nom
C. Kopper,,True,False,nom
C. Lagunas Gualda,,True,False,nom
C. Morello,,True,False,nom
C. Oliveira,,True,False,nom
C. Petrucci,,True,False,nom
C. Pieterse,,True,False,nom
C. Poirè,,True,False,nom
C. Pérez Bertolli,,True,False,nom
C. Pérez de los Heros,,True,False,nom
C. Raab,,True,False,nom
C. Rott,,True,False,nom
C. Sarmiento-Cano,,True,False,nom
C. Spannfellner,,True,False,nom
C. Spiering,,True,False,nom
C. Taricco,,True,False,nom
C. Timmermans,,True,False,nom
C. Trimarelli,,True,False,nom
C. Tönnis,,True,False,nom
C. Ventura,,True,False,nom
C. Walck,,True,False,nom
C. Watanabe,,True,False,nom
C. Weaver,,True,False,nom
C. Wendt,,True,False,nom
C. de Clercq,,True,False,nom
C.C.H. Jui,,True,False,nom
C.E. Covault,,True,False,nom
C.F. Tung,,True,False,nom
C.F. Turley,,True,False,nom
C.H. Wiebusch,,True,False,nom
C.J. Lozano Mariscal,,True,False,nom
C.J. Todero Peixoto,,True,False,nom
C.M. Schäfer,,True,False,nom
C.O. Escobar,,True,False,nom
C.W. James,,True,False,nom
Camille Noûs,,True,False,nom
Carlos Ramisch,,True,False,nom
Carol Figueroa,,True,False,nom
Caterina Longo,,True,False,nom
Charles Verpoorter,,True,False,nom
Christelle Launois,,True,False,nom
Christophe Gonzales,,True,False,nom
Claire Gardent,,True,False,nom
Cristian Navarrete-Dechent,,True,False,nom
Cécile Gicquel,,True,False,nom
Céline Rouveirol,,True,False,nom
D. Berley,,True,False,nom
D. Bindig,,True,False,nom
D. Boncioli,,True,False,nom
D. Chirkin,,True,False,nom
D. Correia dos Santos,,True,False,nom
D. Delgado López,,True,False,nom
D. Fox,,True,False,nom
D. Grant,,True,False,nom
D. Góra,,True,False,nom
D. Harari,,True,False,nom
D. Hebecker,,True,False,nom
D. Heck,,True,False,nom
D. Ikeda,,True,False,nom
D. Ivanov,,True,False,nom
D. Kang,,True,False,nom
D. Kappesser,,True,False,nom
D. Lo Presti,,True,False,nom
D. Mandat,,True,False,nom
D. Martello,,True,False,nom
D. Melo,,True,False,nom
D. Mockler,,True,False,nom
D. Nitz,,True,False,nom
D. Nosek,,True,False,nom
D. Ravignani,,True,False,nom
D. Real,,True,False,nom
D. Ryckbosch,,True,False,nom
D. Rysewyk Cantu,,True,False,nom
D. Ryu,,True,False,nom
D. Schmidt,,True,False,nom
D. Seckel,,True,False,nom
D. Shinto,,True,False,nom
D. Soldin,,True,False,nom
D. Stanca,,True,False,nom
D. Tosi,,True,False,nom
D. Vannerom,,True,False,nom
D. Veberič,,True,False,nom
D. Vivolo,,True,False,nom
D. Warren,,True,False,nom
D. Wittkowski,,True,False,nom
D. Zavrtanik,,True,False,nom
D. de Oliveira Franco,,True,False,nom
D.C. Rodriguez,,True,False,nom
D.F. Cowen,,True,False,nom
D.F. E. Samtleben,,True,False,nom
D.J. Koskinen,,True,False,nom
D.R. Bergman,,True,False,nom
D.R. Williams,,True,False,nom
D.V. Pankova,,True,False,nom
D.Z. Besson,,True,False,nom
Daniel Egret,,True,False,nom
Darine Bouteldja,,True,False,nom
David Mount,,True,False,nom
Davy Monticolo,,True,False,nom
Di Molfetta Giuseppe,,True,False,nom
Diego Horacio Rodriguez,,True,False,nom
Dominique Benielli,,True,False,nom
Dominique Fohr,,True,False,nom
Dominique Longin,,True,False,nom
E. Arnone,,True,False,nom
E. Barcikowski,,True,False,nom
E. Bernardini,,True,False,nom
E. Blaufuss,,True,False,nom
E. Bourbeau,,True,False,nom
E. Dvorak,,True,False,nom
E. Friedman,,True,False,nom
E. Ganster,,True,False,nom
E. Guido,,True,False,nom
E. Kido,,True,False,nom
E. Kun,,True,False,nom
E. Lohfink,,True,False,nom
E. Mayotte,,True,False,nom
E. Nezri,,True,False,nom
E. Nicolas,,True,False,nom
E. Nishio,,True,False,nom
E. O'Sullivan,,True,False,nom
E. Resconi,,True,False,nom
E. Roulet,,True,False,nom
E. Santos,,True,False,nom
E. Varela,,True,False,nom
E. Zas,,True,False,nom
E. de Vito,,True,False,nom
E.C. Hettinger,,True,False,nom
E.E. Pereira Martins,,True,False,nom
E.G. Carnie-Bronca,,True,False,nom
E.J. Roberts,,True,False,nom
E.M. Santos,,True,False,nom
E.N. Paudel,,True,False,nom
Emma de Araujo,,True,False,nom
Enol Fernández,,True,False,nom
Esther da Cunha Soares,,True,False,nom
Eurico L.P. Ruivo,,True,False,nom
F. Barbato,,True,False,nom
F. Bontempo,,True,False,nom
F. Bradascio,,True,False,nom
F. Canfora,,True,False,nom
F. Catalani,,True,False,nom
F. Contreras,,True,False,nom
F. Convenga,,True,False,nom
F. Feldbusch,,True,False,nom
F. Fenu,,True,False,nom
F. Gesualdi,,True,False,nom
F. Gobbi,,True,False,nom
F. Gollan,,True,False,nom
F. Guarino,,True,False,nom
F. Halzen,,True,False,nom
F. Henningsen,,True,False,nom
F. Kakimoto,,True,False,nom
F. Knapp,,True,False,nom
F. Lauber,,True,False,nom
F. Lucarelli,,True,False,nom
F. Mcnally,,True,False,nom
F. Montanet,,True,False,nom
F. Pedreira,,True,False,nom
F. Riehn,,True,False,nom
F. Sala,,True,False,nom
F. Salamida,,True,False,nom
F. Salesa Greus,,True,False,nom
F. Sarazin,,True,False,nom
F. Schlüter,,True,False,nom
F. Schuessler,,True,False,nom
F. Schüssler,,True,False,nom
F. Scuiller,,True,False,nom
F. Shibata,,True,False,nom
F. Sánchez,,True,False,nom
F. Tischbein,,True,False,nom
F. Urban,,True,False,nom
F. Versari,,True,False,nom
F. Yoshida,,True,False,nom
F. de Palma,,True,False,nom
F.G. Schröder,,True,False,nom
F.L. Briechle,,True,False,nom
F.M. Mariani,,True,False,nom
Fatima Benbouzid-Sitayeb,,True,False,nom
Fazia Harrache,,True,False,nom
Fazia Hermime,,True,False,nom
François Laviolette,,True,False,nom
François Sarano,,True,False,nom
Frédéric Schneider,,True,False,nom
G Auzias,,True,False,nom
G. Avila,,True,False,nom
G. Bhatta,,True,False,nom
G. Binder,,True,False,nom
G. Cataldi,,True,False,nom
G. Consolati,,True,False,nom
G. Farrar,,True,False,nom
G. Furlich,,True,False,nom
G. Golup,,True,False,nom
G. Mancarella,,True,False,nom
G. Marsella,,True,False,nom
G. Matthiae,,True,False,nom
G. Medina-Tanco,,True,False,nom
G. Naves,,True,False,nom
G. Nicora,,True,False,nom
G. Parente,,True,False,nom
G. Renzi,,True,False,nom
G. Riccobene,,True,False,nom
G. Roellinghoff,,True,False,nom
G. Salina,,True,False,nom
G. Schwefer,,True,False,nom
G. Sigl,,True,False,nom
G. Silli,,True,False,nom
G. Wrede,,True,False,nom
G.A. Anastasi,,True,False,nom
G.B. Thomson,,True,False,nom
G.C. Hill,,True,False,nom
G.E. Pavalas,,True,False,nom
G.H. Collin,,True,False,nom
G.I. Rubtsov,,True,False,nom
G.K. Parker,,True,False,nom
G.M. Spiczak,,True,False,nom
G.P. Guedes,,True,False,nom
G.S. Japaridze,,True,False,nom
G.T. Przybylski,,True,False,nom
G.W. Sullivan,,True,False,nom
Gabriel Skantze,,True,False,nom
Gabriele Campanella,,True,False,nom
Gian Pozzato,,True,False,nom
Giovanni Pellacani,,True,False,nom
Grzegorz Chrupała,,True,False,nom
Guillaume Maurras,,True,False,nom
H. Asorey,,True,False,nom
H. Dembinski,,True,False,nom
H. Dujmovic,,True,False,nom
H. Erpenbeck,,True,False,nom
H. Falcke,,True,False,nom
H. Gemmeke,,True,False,nom
H. He,,True,False,nom
H. Ito,,True,False,nom
H. Iwakura,,True,False,nom
H. Kolanoski,,True,False,nom
H. Matsumiya,,True,False,nom
H. Niederhausen,,True,False,nom
H. Oda,,True,False,nom
H. Ohoka,,True,False,nom
H. Pandya,,True,False,nom
H. Sagawa,,True,False,nom
H. Salazar,,True,False,nom
H. Schieler,,True,False,nom
H. Schoorlemmer,,True,False,nom
H. Shimodaira,,True,False,nom
H. Tanaka,,True,False,nom
H. Tokuno,,True,False,nom
H. Wahlberg,,True,False,nom
H. Wilczyński,,True,False,nom
H.B. Kim,,True,False,nom
H.J. Mathes,,True,False,nom
H.M. Jeong,,True,False,nom
H.O. Klages,,True,False,nom
H.S. Shin,,True,False,nom
Hassan Haghighi,,True,False,nom
Hiromichi Hagihara,,True,False,nom
Hugues Vitry,,True,False,nom
I. Allekotte,,True,False,nom
I. Buckland,,True,False,nom
I. Caracas,,True,False,nom
I. Epicoco,,True,False,nom
I. Goos,,True,False,nom
I. Kharuk,,True,False,nom
I. Lhenry-Yvon,,True,False,nom
I. Martinez-Soler,,True,False,nom
I. Myers,,True,False,nom
I. Safa,,True,False,nom
I. Taboada,,True,False,nom
I. Tkachev,,True,False,nom
I. de Mitri,,True,False,nom
I.C. Mariş,,True,False,nom
I.C. Rea,,True,False,nom
I.D. Vergara Quispe,,True,False,nom
I.H. Park,,True,False,nom
Irina Illina,,True,False,nom
J. Adams,,True,False,nom
J. Alvarez-Muñiz,,True,False,nom
J. Becker Tjus,,True,False,nom
J. Biteau,,True,False,nom
J. Blazek,,True,False,nom
J. Blümer,,True,False,nom
J. Borowka,,True,False,nom
J. Brack,,True,False,nom
J. Braun,,True,False,nom
J. Brostean-Kaiser,,True,False,nom
J. Böttcher,,True,False,nom
J. Chiba,,True,False,nom
J. Chudoba,,True,False,nom
J. Ebr,,True,False,nom
J. Evans,,True,False,nom
J. Farmer,,True,False,nom
J. Gallagher,,True,False,nom
J. Glombitza,,True,False,nom
J. Hardin,,True,False,nom
J. Hignight,,True,False,nom
J. Hoessl,,True,False,nom
J. Hofestaedt,,True,False,nom
J. Jurysek,,True,False,nom
J. Kemp,,True,False,nom
J. Kiryluk,,True,False,nom
J. Kleinfeller,,True,False,nom
J. Madsen,,True,False,nom
J. Manshanden,,True,False,nom
J. Matthews,,True,False,nom
J. Micallef,,True,False,nom
J. Necker,,True,False,nom
J. Pallotta,,True,False,nom
J. Pawlowsky,,True,False,nom
J. Perez Armand,,True,False,nom
J. Peterson,,True,False,nom
J. Peña-Rodriguez,,True,False,nom
J. Pȩkala,,True,False,nom
J. Rack-Helleis,,True,False,nom
J. Rautenberg,,True,False,nom
J. Remington,,True,False,nom
J. Ridky,,True,False,nom
J. Rodriguez Rojo,,True,False,nom
J. Saffer,,True,False,nom
J. Schnabel,,True,False,nom
J. Schneider,,True,False,nom
J. Schulte,,True,False,nom
J. Schumann,,True,False,nom
J. Seneca,,True,False,nom
J. Soedingrekso,,True,False,nom
J. Stachurska,,True,False,nom
J. Stasielak,,True,False,nom
J. Stettner,,True,False,nom
J. Vandenbroucke,,True,False,nom
J. Vicha,,True,False,nom
J. Vink,,True,False,nom
J. Weldert,,True,False,nom
J. Werthebach,,True,False,nom
J. Wulff,,True,False,nom
J. Zúñiga,,True,False,nom
J. de Jesús,,True,False,nom
J. de Oliveira,,True,False,nom
J. van Santen,,True,False,nom
J.-P. Gauthier,,True,False,nom
J.A. Aguilar,,True,False,nom
J.A. Bellido,,True,False,nom
J.A. Chinellato,,True,False,nom
J.A. Day,,True,False,nom
J.A. Johnsen,,True,False,nom
J.C. Arteaga Velázquez,,True,False,nom
J.C. Díaz-Vélez,,True,False,nom
J.C. d'Olivo,,True,False,nom
J.D. Sanabria Gomez,,True,False,nom
J.D. Smith,,True,False,nom
J.D. Zornoza,,True,False,nom
J.F. Charpentier,,True,False,nom
J.F. Soriano,,True,False,nom
J.F. Valdés Galicia,,True,False,nom
J.G. Gonzalez,,True,False,nom
J.H. Kim,,True,False,nom
J.J. Beatty,,True,False,nom
J.J. Delaunay,,True,False,nom
J.J. Hernández-Rey,,True,False,nom
J.L. Kelley,,True,False,nom
J.L. Lanfranchi,,True,False,nom
J.M. Alameddine,,True,False,nom
J.M. Albury,,True,False,nom
J.M. Conrad,,True,False,nom
J.M. Figueira,,True,False,nom
J.M. González,,True,False,nom
J.N. Matthews,,True,False,nom
J.P. Gongora,,True,False,nom
J.P. Lazar,,True,False,nom
J.P. Lundquist,,True,False,nom
J.P. Twagirayezu,,True,False,nom
J.P. Yanez,,True,False,nom
J.R. Hörandel,,True,False,nom
J.R.T. de Mello Neto,,True,False,nom
J.V. Mead,,True,False,nom
J.W. Belz,,True,False,nom
J.W. Lee,,True,False,nom
Jacques Corbeil,,True,False,nom
Jean Damoiseaux,,True,False,nom
Jean-Luc Jung,,True,False,nom
Jean-Marc Talbot,,True,False,nom
Jr.A.A. Alves,,True,False,nom
Julien R. Serres,,True,False,nom
K-N. M'Sirdi,,True,False,nom
K. Almeida Cheminant,,True,False,nom
K. Andeen,,True,False,nom
K. Bismark,,True,False,nom
K. Choi,,True,False,nom
K. Clark,,True,False,nom
K. Daumiller,,True,False,nom
K. Deoskar,,True,False,nom
K. Filimonov,,True,False,nom
K. Fujisue,,True,False,nom
K. Fujita,,True,False,nom
K. Hanson,,True,False,nom
K. Helbing,,True,False,nom
K. Hibino,,True,False,nom
K. Honda,,True,False,nom
K. Hoshina,,True,False,nom
K. Hultqvist,,True,False,nom
K. Hymon,,True,False,nom
K. Kadota,,True,False,nom
K. Kasahara,,True,False,nom
K. Kawata,,True,False,nom
K. Kin,,True,False,nom
K. Leonard,,True,False,nom
K. Machida,,True,False,nom
K. Mase,,True,False,nom
K. Meagher,,True,False,nom
K. Mukai,,True,False,nom
K. Mulrey,,True,False,nom
K. Nakai,,True,False,nom
K. Rawlins,,True,False,nom
K. Sano,,True,False,nom
K. Satalecka,,True,False,nom
K. Sato,,True,False,nom
K. Sekino,,True,False,nom
K. Tanaka,,True,False,nom
K. Tollefson,,True,False,nom
K. Woschnagg,,True,False,nom
K. Yamazaki,,True,False,nom
K. Yashiro,,True,False,nom
K.-H. Becker,,True,False,nom
K.B.M. Mahn,,True,False,nom
K.D. Hoffman,,True,False,nom
K.D. de Vries,,True,False,nom
K.H. Kampert,,True,False,nom
K.H. Lee,,True,False,nom
K.L. Fan,,True,False,nom
K.S. Caballero-Mora,,True,False,nom
Kais Hariz,,True,False,nom
Kateryna Verzhanska,,True,False,nom
Khaoula Mahmoudi,,True,False,nom
Kivanc Kose,,True,False,nom
Konstantinos Liopyris,,True,False,nom
L. Anchordoqui,,True,False,nom
L. Bonneau Arbeletche,,True,False,nom
L. Caccianiga,,True,False,nom
L. Cazon,,True,False,nom
L. Chytka,,True,False,nom
L. Classen,,True,False,nom
L. Clavier,,True,False,nom
L. Deval,,True,False,nom
L. Fischer,,True,False,nom
L. Gerhardt,,True,False,nom
L. Halve,,True,False,nom
L. Kardum,,True,False,nom
L. Köpke,,True,False,nom
L. Lopes,,True,False,nom
L. Lu,,True,False,nom
L. Miramonti,,True,False,nom
L. Morejon,,True,False,nom
L. Nellen,,True,False,nom
L. Nožka,,True,False,nom
L. Paul,,True,False,nom
L. Perrone,,True,False,nom
L. Peters,,True,False,nom
L. Rajaoarisoa,,True,False,nom
L. Schumacher,,True,False,nom
L. Vaclavek,,True,False,nom
L. Valore,,True,False,nom
L. Wiencke,,True,False,nom
L. Zehrer,,True,False,nom
L.A. Fusco,,True,False,nom
L.A. Núñez,,True,False,nom
L.M. Domingues Mendes,,True,False,nom
L.V. Nguyễn,,True,False,nom
Leonor Becerra-Bonache,,True,False,nom
Lina Rojas-Barahona,,True,False,nom
Livy Real,,True,False,nom
Louis-Marie Dando,,True,False,nom
Lucas Nildaimon dos Santos Silva,,True,False,nom
Ludivine Robert,,True,False,nom
M-H. Benzaama,,True,False,nom
M. Ackermann,,True,False,nom
M. Aglietta,,True,False,nom
M. Ahlers,,True,False,nom
M. Ahrens,,True,False,nom
M. Allen,,True,False,nom
M. Boddenberg,,True,False,nom
M. Boháčová,,True,False,nom
M. Buscemi,,True,False,nom
M. Büsken,,True,False,nom
M. Carmona,,True,False,nom
M. Cerda,,True,False,nom
M. Cherkaoui,,True,False,nom
M. Chikawa,,True,False,nom
M. Dittmer,,True,False,nom
M. Dobre,,True,False,nom
M. Dunkman,,True,False,nom
M. Erdmann,,True,False,nom
M. Fukushima,,True,False,nom
M. Giammarchi,,True,False,nom
M. Gottowik,,True,False,nom
M. Gómez Berisso,,True,False,nom
M. Ha Minh,,True,False,nom
M. Hayashi,,True,False,nom
M. Hrabovský,,True,False,nom
M. Huber,,True,False,nom
M. Hünnefeld,,True,False,nom
M. Jansson,,True,False,nom
M. Jeong,,True,False,nom
M. Jin,,True,False,nom
M. Karl,,True,False,nom
M. Kauer,,True,False,nom
M. Kellermann,,True,False,nom
M. Kleifges,,True,False,nom
M. Kovacevich,,True,False,nom
M. Kowalski,,True,False,nom
M. Kuznetsov,,True,False,nom
M. Labbadi,,True,False,nom
M. Liubarska,,True,False,nom
M. Mastrodicasa,,True,False,nom
M. Meier,,True,False,nom
M. Minamino,,True,False,nom
M. Mostafá,,True,False,nom
M. Moulai,,True,False,nom
M. Muzio,,True,False,nom
M. Niculescu-Oglinzanu,,True,False,nom
M. Niechciol,,True,False,nom
M. Oehler,,True,False,nom
M. Ohnishi,,True,False,nom
M. Ono,,True,False,nom
M. Palatka,,True,False,nom
M. Pech,,True,False,nom
M. Perlin,,True,False,nom
M. Perrin-Terrin,,True,False,nom
M. Pimenta,,True,False,nom
M. Pittermann,,True,False,nom
M. Platino,,True,False,nom
M. Plum,,True,False,nom
M. Pothast,,True,False,nom
M. Potts,,True,False,nom
M. Prado Rodriguez,,True,False,nom
M. Prouza,,True,False,nom
M. Rameez,,True,False,nom
M. Reininghaus,,True,False,nom
M. Richman,,True,False,nom
M. Risse,,True,False,nom
M. Rongen,,True,False,nom
M. Roth,,True,False,nom
M. Saharan,,True,False,nom
M. Sanguineti,,True,False,nom
M. Santander,,True,False,nom
M. Sayed-Mouchaweh,,True,False,nom
M. Schaufel,,True,False,nom
M. Schimassek,,True,False,nom
M. Schimp,,True,False,nom
M. Scornavacche,,True,False,nom
M. Silva,,True,False,nom
M. Spurio,,True,False,nom
M. Stadelmaier,,True,False,nom
M. Stamatikos,,True,False,nom
M. Suárez-Durán,,True,False,nom
M. Taiuti,,True,False,nom
M. Takamura,,True,False,nom
M. Takeda,,True,False,nom
M. Takita,,True,False,nom
M. Tanaka,,True,False,nom
M. Tselengidou,,True,False,nom
M. Tueros,,True,False,nom
M. Unger,,True,False,nom
M. Vacula,,True,False,nom
M. Weyrauch,,True,False,nom
M. Wirtz,,True,False,nom
M. Wolf,,True,False,nom
M. Yamamoto,,True,False,nom
M. Zavrtanik,,True,False,nom
M. Zerrougui,,True,False,nom
M. de With,,True,False,nom
M. del Río,,True,False,nom
M.A. Campana,,True,False,nom
M.A. Duvernois,,True,False,nom
M.A. Leigui de Oliveira,,True,False,nom
M.A. Muller,,True,False,nom
M.A. Unland Elorrieta,,True,False,nom
M.E. Bertaina,,True,False,nom
M.I. Micheletti,,True,False,nom
M.J. Larson,,True,False,nom
M.J. Roncoroni,,True,False,nom
M.J. Weiss,,True,False,nom
M.R. Coluccia,,True,False,nom
M.R. Hampel,,True,False,nom
M.S. Pshirkov,,True,False,nom
M.T. Dova,,True,False,nom
M.U. Nisa,,True,False,nom
Maamar El Amine Hamri,,True,False,nom
Maher Moakher,,True,False,nom
Marcos Garcia,,True,False,nom
Marianna Girlando,,True,False,nom
Maribel Fernández,,True,False,nom
Marie Lamouret,,True,False,nom
Marion Sarano,,True,False,nom
Massimo Stella,,True,False,nom
Matthieu Py,,True,False,nom
Maxime Guye,,True,False,nom
Maxime Guériau,,True,False,nom
Meiling Yue,,True,False,nom
Michael Frank,,True,False,nom
Michael Zock,,True,False,nom
Mikhael Carmona,,True,False,nom
Mohamed Cherif,,True,False,nom
Mohamed Mahmoud Mohamed Ahmed,,True,False,nom
Mohamed Quafafou,,True,False,nom
Mohammad Khosravi,,True,False,nom
N. Borodai,,True,False,nom
N. Fazzini,,True,False,nom
N. Feigl,,True,False,nom
N. Globus,,True,False,nom
N. González,,True,False,nom
N. Hayashida,,True,False,nom
N. Inoue,,True,False,nom
N. Iovine,,True,False,nom
N. Karastathis,,True,False,nom
N. Kunka,,True,False,nom
N. Kurahashi,,True,False,nom
N. Lad,,True,False,nom
N. Langner,,True,False,nom
N. Park,,True,False,nom
N. Sakaki,,True,False,nom
N. Sakurai,,True,False,nom
N. Shibata,,True,False,nom
N. Sone,,True,False,nom
N. Valtonen-Mattila,,True,False,nom
N. Whitehorn,,True,False,nom
N. van Eijndhoven,,True,False,nom
N.M. Amin,,True,False,nom
Nacer M'Sirdi,,True,False,nom
Nawal Abboub,,True,False,nom
Nicolas Aunai,,True,False,nom
Nicolas Zampieri,,True,False,nom
Noureddine Zerhouni,,True,False,nom
Nuno F. Loureiro,,True,False,nom
O. Botner,,True,False,nom
O. Deligny,,True,False,nom
O. Kalashev,,True,False,nom
O. Martínez Bravo,,True,False,nom
O. Scholten,,True,False,nom
O. Sima,,True,False,nom
O. Tkachenko,,True,False,nom
O. Zapparrata,,True,False,nom
P. Abreu,,True,False,nom
P. Assis,,True,False,nom
P. Buchholz,,True,False,nom
P. Coppin,,True,False,nom
P. Correa,,True,False,nom
P. Dave,,True,False,nom
P. Desiati,,True,False,nom
P. Eller,,True,False,nom
P. Fürst,,True,False,nom
P. Gutjahr,,True,False,nom
P. Hamal,,True,False,nom
P. Hansen,,True,False,nom
P. Horvath,,True,False,nom
P. Janecek,,True,False,nom
P. Koundal,,True,False,nom
P. Mantsch,,True,False,nom
P. Papenbreer,,True,False,nom
P. Privitera,,True,False,nom
P. Reichherzer,,True,False,nom
P. Ruehl,,True,False,nom
P. Sapienza,,True,False,nom
P. Savina,,True,False,nom
P. Schovánek,,True,False,nom
P. Sokolsky,,True,False,nom
P. Sommers,,True,False,nom
P. Stassi,,True,False,nom
P. Tinyakov,,True,False,nom
P. Tobiska,,True,False,nom
P. Travnicek,,True,False,nom
P. Weigel,,True,False,nom
P. Zhelnin,,True,False,nom
P.A. Evenson,,True,False,nom
P.B. Price,,True,False,nom
P.D. Shah,,True,False,nom
P.F. Gómez Vitale,,True,False,nom
P.G. Brichetto Orchera,,True,False,nom
P.G. Isar,,True,False,nom
P.L. Biermann,,True,False,nom
P.L. Ghia,,True,False,nom
P.O. Mazur,,True,False,nom
P.R. Araújo Ferreira,,True,False,nom
Pascale Guitera,,True,False,nom
Paul Cook,,True,False,nom
Paul-Emile Mainge,,True,False,nom
Paulo Augusto de Lima Medeiros,,True,False,nom
Peirolo Morgane,,True,False,nom
Polette Arnaud,,True,False,nom
Q. Luce,,True,False,nom
Q.R. Liu,,True,False,nom
R. Abbasi,,True,False,nom
R. Alves Batista,,True,False,nom
R. Arimura,,True,False,nom
R. Bay,,True,False,nom
R. Cady,,True,False,nom
R. Colalillo,,True,False,nom
R. Conceição,,True,False,nom
R. Cross,,True,False,nom
R. Engel,,True,False,nom
R. Fujiwara,,True,False,nom
R. Fukushima,,True,False,nom
R. Gonzalez,,True,False,nom
R. Halliday,,True,False,nom
R. Higuchi,,True,False,nom
R. Hoffmann,,True,False,nom
R. Hussain,,True,False,nom
R. Koirala,,True,False,nom
R. López,,True,False,nom
R. Maruyama,,True,False,nom
R. Mayta,,True,False,nom
R. Morse,,True,False,nom
R. Mussa,,True,False,nom
R. Naab,,True,False,nom
R. Nagai,,True,False,nom
R. Nakamura,,True,False,nom
R. Onogi,,True,False,nom
R. Pelayo,,True,False,nom
R. Reimann,,True,False,nom
R. Sahara,,True,False,nom
R. Sarmento,,True,False,nom
R. Sato,,True,False,nom
R. Smau,,True,False,nom
R. Snihur,,True,False,nom
R. Squartini,,True,False,nom
R. Stein,,True,False,nom
R. Takeishi,,True,False,nom
R. Tsuda,,True,False,nom
R. Turcotte,,True,False,nom
R. Ulrich,,True,False,nom
R. Šmída,,True,False,nom
R.C. Shellard,,True,False,nom
R.C. dos Anjos,,True,False,nom
R.G. Lang,,True,False,nom
R.M. de Almeida,,True,False,nom
R.S. Busse,,True,False,nom
R.T. Burley,,True,False,nom
R.W. Clay,,True,False,nom
R.W. Moore,,True,False,nom
Radu Tudor Ionescu,,True,False,nom
Richard Baraniuk,,True,False,nom
S. Andringa,,True,False,nom
S. Axani,,True,False,nom
S. Baur,,True,False,nom
S. Benzvi,,True,False,nom
S. Blot,,True,False,nom
S. Bron,,True,False,nom
S. Browne,,True,False,nom
S. Buitink,,True,False,nom
S. Böser,,True,False,nom
S. Dasso,,True,False,nom
S. Fiedlschuster,,True,False,nom
S. Garrappa,,True,False,nom
S. Goswami,,True,False,nom
S. Griswold,,True,False,nom
S. Hahn,,True,False,nom
S. Hickford,,True,False,nom
S. In,,True,False,nom
S. Jeong,,True,False,nom
S. Kasami,,True,False,nom
S. Kawakami,,True,False,nom
S. Kawana,,True,False,nom
S. Kishigami,,True,False,nom
S. Kopper,,True,False,nom
S. Kurisu,,True,False,nom
S. Mancina,,True,False,nom
S. Marafico,,True,False,nom
S. Martinelli,,True,False,nom
S. Mayotte,,True,False,nom
S. Mechbal,,True,False,nom
S. Meighen-Berger,,True,False,nom
S. Michal,,True,False,nom
S. Mollerach,,True,False,nom
S. Nagataki,,True,False,nom
S. Navas,,True,False,nom
S. Ogio,,True,False,nom
S. Ozawa,,True,False,nom
S. Petrera,,True,False,nom
S. Philippen,,True,False,nom
S. Pieper,,True,False,nom
S. Querchfeld,,True,False,nom
S. Reck,,True,False,nom
S. Reusch,,True,False,nom
S. Robertson,,True,False,nom
S. Rossoni,,True,False,nom
S. Sarkar,,True,False,nom
S. Schindler,,True,False,nom
S. Sclafani,,True,False,nom
S. Sehgal,,True,False,nom
S. Seunarine,,True,False,nom
S. Shefali,,True,False,nom
S. Stanič,,True,False,nom
S. Ter-Antonyan,,True,False,nom
S. Tilav,,True,False,nom
S. Toscano,,True,False,nom
S. Troitsky,,True,False,nom
S. Udo,,True,False,nom
S. Verpoest,,True,False,nom
S. Viola,,True,False,nom
S. Vorobiov,,True,False,nom
S. Yoshida,,True,False,nom
S. Yu,,True,False,nom
S. Zavatarelli,,True,False,nom
S.A. Blake,,True,False,nom
S.B. Thomas,,True,False,nom
S.C. Nowicki,,True,False,nom
S.E. Sanchez Herrera,,True,False,nom
S.J. Sciutto,,True,False,nom
S.J. de Jong,,True,False,nom
S.R. Klein,,True,False,nom
S.W. Barwick,,True,False,nom
S.W. Kim,,True,False,nom
Sachiko Nozawa,,True,False,nom
Sami Faiz,,True,False,nom
Samir Jemei,,True,False,nom
Sara Riva,,True,False,nom
Saud Aleissa,,True,False,nom
Seifeddine Elghali,,True,False,nom
Shahram Attarian,,True,False,nom
Shiva Taslimipoor,,True,False,nom
Sho Tsuji,,True,False,nom
Shoulin Li,,True,False,nom
Simon de Deyne,,True,False,nom
Sokol Koço,,True,False,nom
Stefano Pesce,,True,False,nom
Stéphane Dixneuf,,True,False,nom
Stéphane Rauzy,,True,False,nom
Séverine Fratani,,True,False,nom
T. Abu-Zayyad,,True,False,nom
T. Anderson,,True,False,nom
T. Bister,,True,False,nom
T. Bretz,,True,False,nom
T. Deyoung,,True,False,nom
T. Ehrhardt,,True,False,nom
T. Fitoussi,,True,False,nom
T. Fodran,,True,False,nom
T. Fujii,,True,False,nom
T. Glauch,,True,False,nom
T. Glüsenkamp,,True,False,nom
T. Grégoire,,True,False,nom
T. Hebbeker,,True,False,nom
T. Huber,,True,False,nom
T. Huege,,True,False,nom
T. Inadomi,,True,False,nom
T. Ishii,,True,False,nom
T. Karg,,True,False,nom
T. Kintscher,,True,False,nom
T. Kontrimas,,True,False,nom
T. Kozynets,,True,False,nom
T. Matsuyama,,True,False,nom
T. Mcelroy,,True,False,nom
T. Montaruli,,True,False,nom
T. Nakamura,,True,False,nom
T. Nonaka,,True,False,nom
T. Okuda,,True,False,nom
T. Pierog,,True,False,nom
T. Pradier,,True,False,nom
T. Ruhe,,True,False,nom
T. Sako,,True,False,nom
T. Schmidt,,True,False,nom
T. Schulz,,True,False,nom
T. Seki,,True,False,nom
T. Shibata,,True,False,nom
T. Stanev,,True,False,nom
T. Stezelberger,,True,False,nom
T. Stuttard,,True,False,nom
T. Stürwald,,True,False,nom
T. Sudholz,,True,False,nom
T. Suomijärvi,,True,False,nom
T. Thakore,,True,False,nom
T. Tomida,,True,False,nom
T. Uehama,,True,False,nom
T. Wong,,True,False,nom
T. Yuan,,True,False,nom
T.A. Stroman,,True,False,nom
T.B. Watson,,True,False,nom
T.D. Grubb,,True,False,nom
T.K. Gaisser,,True,False,nom
T.N. Chau,,True,False,nom
Th. Stolarczyk,,True,False,nom
Thomas Fernique,,True,False,nom
Thomas Fuchs,,True,False,nom
Thomas Guyet,,True,False,nom
Thomas Henzinger,,True,False,nom
U. Giaccari,,True,False,nom
U. Naumann,,True,False,nom
V. Basu,,True,False,nom
V. Binet,,True,False,nom
V. Chepoi,,True,False,nom
V. Kuzmin,,True,False,nom
V. Lenok,,True,False,nom
V. Novotny,,True,False,nom
V. Pestel,,True,False,nom
V. Pirronello,,True,False,nom
V. Popa,,True,False,nom
V. Rizi,,True,False,nom
V. Scherini,,True,False,nom
V. Verzi,,True,False,nom
V. de Souza,,True,False,nom
V. van Elewyck,,True,False,nom
V.A. Balagopal,,True,False,nom
V.M. Harvey,,True,False,nom
V.V. Kizakke Covilakam,,True,False,nom
Valeria Ardizzone,,True,False,nom
Vito Pirrelli,,True,False,nom
W. Hanlon,,True,False,nom
W. Kang,,True,False,nom
W. Luszczak,,True,False,nom
W. Rhode,,True,False,nom
W. Rodrigues de Carvalho,,True,False,nom
W.M. Namasaka,,True,False,nom
W.Y. Ma,,True,False,nom
William Domingues,,True,False,nom
X. Bai,,True,False,nom
X. Bertou,,True,False,nom
X. Kang,,True,False,nom
X.W. Xu,,True,False,nom
Xuan Hoang La,,True,False,nom
Y. Arai,,True,False,nom
Y. Ashida,,True,False,nom
Y. Kimura,,True,False,nom
Y. Kubota,,True,False,nom
Y. Li,,True,False,nom
Y. Lyu,,True,False,nom
Y. Makino,,True,False,nom
Y. Nakamura,,True,False,nom
Y. Oku,,True,False,nom
Y. Omura,,True,False,nom
Y. Popovych,,True,False,nom
Y. Saito,,True,False,nom
Y. Shibasaki,,True,False,nom
Y. Takagi,,True,False,nom
Y. Takahashi,,True,False,nom
Y. Tameda,,True,False,nom
Y. Tanoue,,True,False,nom
Y. Tayalati,,True,False,nom
Y. Tsunesada,,True,False,nom
Y. Uchihori,,True,False,nom
Y. Yoshioka,,True,False,nom
Y. Zhezher,,True,False,nom
Y.J. Kwon,,True,False,nom
Yann Le Fur,,True,False,nom
Yannick Parmentier,,True,False,nom
Yuta Shinya,,True,False,nom
Yves Demazeau,,True,False,nom
Z. Chen,,True,False,nom
Z. Szadkowski,,True,False,nom
Z. Torrès,,True,False,nom
Z. Zhang,,True,False,nom
Z. Zundel,,True,False,nom
Zahi Jarir,,True,False,nom
Zihan Xu,,True,False,nom
Adrian-Gabriel Chifu,https://orcid.org/0000-0003-4680-5528,True,False,orcid
Aldo Gonzalez-Lorenzo,https://orcid.org/0000-0003-3226-7650,True,False,orcid
Aldo Gonzalez-Lorenzo,https://orcid.org/0000-0002-4459-511X,True,False,orcid
Alexandre Goujon,https://orcid.org/0000-0002-6762-0920,True,False,orcid
Alexis Joly,https://orcid.org/0000-0002-2161-9940,True,False,orcid
Alice Delbosc,https://orcid.org/0000-0002-4815-5074,True,False,orcid
Anaelle Wilczynski,https://orcid.org/0000-0002-3138-2262,True,False,orcid
Andrea Ciardi,https://orcid.org/0000-0003-2892-6924,True,False,orcid
Angela Bonifati,https://orcid.org/0000-0002-9582-869X,True,False,orcid
Antonio Casares,https://orcid.org/0000-0001-6529-6963,True,False,orcid
Antonis Achilleos,https://orcid.org/0000-0003-0318-1217,True,False,orcid
Archna Bhatia,https://orcid.org/0000-0001-7466-9039,True,False,orcid
Arnaud Casteigts,https://orcid.org/0000-0002-7819-7013,True,False,orcid
Arthur Cartel Foahom Gouabou,https://orcid.org/0000-0002-3897-5693,True,False,orcid
Arthur Cartel Foahom Gouabou,https://orcid.org/0000-0002-1875-7111,True,False,orcid
Audrey Minghelli,https://orcid.org/0000-0002-5134-4124,True,False,orcid
Augustin C. Ogier,https://orcid.org/0000-0001-9178-9964,True,False,orcid
Auriane Boudin,https://orcid.org/0000-0001-5197-4903,True,False,orcid
Azam Fazel Najafabadi,https://orcid.org/0000-0002-2270-1719,True,False,orcid
Badreddine Farah,https://orcid.org/0000-0003-2982-7127,True,False,orcid
Baptiste Blouin,https://orcid.org/0000-0002-7171-3628,True,False,orcid
Benoît Favre,https://orcid.org/0000-0001-6786-1372,True,False,orcid
Bernard Espinasse,https://orcid.org/0000-0003-2895-6752,True,False,orcid
Bertrand Estellon,https://orcid.org/0000-0001-9245-1535,True,False,orcid
Catherine Cadet,https://orcid.org/0000-0001-6555-0992,True,False,orcid
Chu Wang,https://orcid.org/0000-0002-7515-3875,True,False,orcid
Clémentin Boittiaux,https://orcid.org/0000-0002-1487-3502,True,False,orcid
Constance P. Michel,https://orcid.org/0000-0001-8826-8797,True,False,orcid
Corentin Bernard,https://orcid.org/0000-0003-1441-0046,True,False,orcid
Cécile Crimon,https://orcid.org/0000-0001-9940-669X,True,False,orcid
David Filliat,https://orcid.org/0000-0002-5739-1618,True,False,orcid
Elie Antoine,https://orcid.org/0009-0008-9130-9041,True,False,orcid
Elijah Cole,https://orcid.org/0000-0002-2828-4389,True,False,orcid
Emanuel Aldea,https://orcid.org/0000-0001-7065-4809,True,False,orcid
Enrico Formenti,https://orcid.org/0000-0003-2133-8089,True,False,orcid
Eunice Akani,https://orcid.org/0000-0003-1760-4532,True,False,orcid
Farah Cherfaoui,https://orcid.org/0009-0005-3523-4864,True,False,orcid
Fatiha Saïs,https://orcid.org/0000-0003-4059-9284,True,False,orcid
Felix Richards,https://orcid.org/0000-0001-5114-1514,True,False,orcid
Franck Dary,https://orcid.org/0000-0002-2653-1008,True,False,orcid
François Schwarzentruber,https://orcid.org/0000-0002-4909-5843,True,False,orcid
Gaël Guibon,https://orcid.org/0000-0003-2420-9311,True,False,orcid
Hugo Martin,https://orcid.org/0000-0002-5556-6947,True,False,orcid
Irina Ovchinnikova,https://orcid.org/0000-0003-1838-3807,True,False,orcid
Isaac Sanou,https://orcid.org/0000-0002-9344-4844,True,False,orcid
Isabelle Bloch,https://orcid.org/0000-0002-6984-1532,True,False,orcid
Ismail Badache,https://orcid.org/0000-0003-1868-1185,True,False,orcid
Jacques Demongeot,https://orcid.org/0000-0001-9815-5606,True,False,orcid
Jean-Luc Jung,https://orcid.org/0000-0002-8795-8056,True,False,orcid
Jean-Luc Mari,https://orcid.org/0000-0002-9552-6739,True,False,orcid
Jeremy Auguste,https://orcid.org/0000-0001-7521-6795,True,False,orcid
Jian Zuo,https://orcid.org/0000-0003-0985-2763,True,False,orcid
John Bateman,https://orcid.org/0000-0002-6169-0477,True,False,orcid
Julien Flamant,https://orcid.org/0000-0001-9994-173X,True,False,orcid
Jérémie Bousquet,https://orcid.org/0000-0002-5216-9591,True,False,orcid
Karim Makki,https://orcid.org/0000-0002-2435-3017,True,False,orcid
Kevissen Sellapillay,https://orcid.org/0000-0002-3535-1009,True,False,orcid
Laurent Verrier,https://orcid.org/0000-0001-6581-3000,True,False,orcid
Liana Ermakova,https://orcid.org/0000-0002-7598-7474,True,False,orcid
Liang Guo,https://orcid.org/0000-0002-9412-3954,True,False,orcid
Loïc Lehnhoff,https://orcid.org/0000-0002-2100-6626,True,False,orcid
Luigi Santocanale,https://orcid.org/0000-0002-4237-7856,True,False,orcid
Lukáš Picek,https://orcid.org/0000-0002-9426-2583,True,False,orcid
M. Anghinolfi,https://orcid.org/0000-0001-6168-0669,True,False,orcid
Madeline Fery,https://orcid.org/0000-0001-9022-9690,True,False,orcid
Magalie Ochs,https://orcid.org/0000-0002-2256-139X,True,False,orcid
Malik Chami,https://orcid.org/0000-0001-7815-0533,True,False,orcid
Marc Pinto,https://orcid.org/0000-0002-9245-3407,True,False,orcid
Marc-Adrien Hostin,https://orcid.org/0000-0003-3649-2054,True,False,orcid
Matthieu Labeau,https://orcid.org/0000-0003-4850-3398,True,False,orcid
Maxence Ferrari,https://orcid.org/0000-0001-7338-8518,True,False,orcid
Mohamed Trabelsi,https://orcid.org/0000-0001-6904-8756,True,False,orcid
Monica Barbir,https://orcid.org/0000-0001-9580-4500,True,False,orcid
Nicolas Baudru,https://orcid.org/0000-0002-4717-9955,True,False,orcid
Nicolas Hervé,https://orcid.org/0000-0002-1259-127X,True,False,orcid
Nicolas Prcovic,https://orcid.org/0000-0002-1228-4333,True,False,orcid
Nicolas Sembel,https://orcid.org/0000-0001-9464-2829,True,False,orcid
Otmane Azeroual,https://orcid.org/0000-0002-4000-807X,True,False,orcid
Otmane Azeroual,https://orcid.org/0000-0003-1605-7047,True,False,orcid
Pascal Lafourcade,https://orcid.org/0000-0001-9908-4811,True,False,orcid
Patrice Bellot,https://orcid.org/0000-0002-6620-7771,True,False,orcid
Patrice Bellot,https://orcid.org/0000-0001-5171-2268,True,False,orcid
Paul Best,https://orcid.org/0000-0001-5099-5059,True,False,orcid
Pedro Paulo Balbi,https://orcid.org/0000-0002-1007-7912,True,False,orcid
Pierre Aboulker,https://orcid.org/0000-0002-3447-8112,True,False,orcid
R Yadav,https://orcid.org/0000-0002-0697-2981,True,False,orcid
Rabah Ammour,https://orcid.org/0000-0002-6885-0867,True,False,orcid
Raphael Sturgis,https://orcid.org/0000-0001-7102-6943,True,False,orcid
Raphaëlle Crubillé,https://orcid.org/0009-0004-6946-0678,True,False,orcid
Richard Kronland-Martinet,https://orcid.org/0000-0002-7325-4920,True,False,orcid
Roch Smets,https://orcid.org/0000-0002-5300-6882,True,False,orcid
Said Amari,https://orcid.org/0000-0003-3463-3810,True,False,orcid
Sandip Das,https://orcid.org/0000-0002-2664-0650,True,False,orcid
Serge Bernard,https://orcid.org/0000-0003-1772-0592,True,False,orcid
Sorina Pop,https://orcid.org/0000-0003-1753-7894,True,False,orcid
Stefan Kahl,https://orcid.org/0000-0001-5228-9238,True,False,orcid
Stephane Jacquemoud,https://orcid.org/0000-0002-4002-3974,True,False,orcid
Stéphane Ayache,https://orcid.org/0000-0003-3696-0321,True,False,orcid
Stéphane Viollet,https://orcid.org/0000-0003-1585-9822,True,False,orcid
Sylvain Bouley,https://orcid.org/0009-0004-5938-6670,True,False,orcid
Sylvain Meignier,https://orcid.org/0000-0001-7411-9125,True,False,orcid
Sébastien Bouchard,https://orcid.org/0000-0002-6464-9517,True,False,orcid
Sébastien Fournier,https://orcid.org/0000-0002-1611-0744,True,False,orcid
Séverine Dubuisson,https://orcid.org/0000-0001-7306-4134,True,False,orcid
Sílvia Araújo,https://orcid.org/0000-0001-8698-5055,True,False,orcid
Sølvi Ystad,https://orcid.org/0000-0002-8214-6278,True,False,orcid
Tarek Melliti,https://orcid.org/0000-0003-2352-5793,True,False,orcid
Thanh Tuan Nguyen,https://orcid.org/0000-0002-5646-8505,True,False,orcid
Thierry Artieres,https://orcid.org/0000-0002-6333-5735,True,False,orcid
Thomas Brihaye,https://orcid.org/0000-0003-0875-300X,True,False,orcid
Thomas Misiek,https://orcid.org/0000-0003-0279-7730,True,False,orcid
Timothée Corsini,https://orcid.org/0000-0001-8194-4684,True,False,orcid
Ugo Comignani,https://orcid.org/0000-0002-7730-9028,True,False,orcid
V. Dutto,https://orcid.org/0000-0001-5766-5976,True,False,orcid
Valérie Camps,https://orcid.org/0000-0002-4768-2710,True,False,orcid
Van-Giang Trinh,https://orcid.org/0000-0001-5525-7418,True,False,orcid
Vincent Cheval,https://orcid.org/0000-0002-3622-2129,True,False,orcid
Yassine Zniyed,https://orcid.org/0000-0003-4733-6698,True,False,orcid
Yves Le Gall,https://orcid.org/0009-0002-0415-1503,True,False,orcid
Zhongliang Li,https://orcid.org/0000-0001-7021-2103,True,False,orcid
Zied Bouraoui,https://orcid.org/0000-0002-1662-4163,True,False,orcid
Éric Gaussier,https://orcid.org/0000-0002-8858-3233,True,False,orcid
